{"metadata":{"usedHelpers":[],"marked":[],"modules":{"imports":[],"exports":{"exported":[],"specifiers":[]}}},"options":{"filename":"/imports/ui/body.js","filenameRelative":"/imports/ui/body.js","env":{"development":{"plugins":[]}},"retainLines":false,"highlightCode":true,"suppressDeprecationMessages":false,"presets":[],"plugins":[[[],{"polyfill":false}],[[],null],[[],null],[[],{"allowTopLevelThis":true,"strict":false,"loose":true}],[[],null],[[],null],[[],null],[[],null],[[],null],[[],null],[[],null],[[],null],[[],null],[[],null],[[],null],[[],null],[[],null],[[],{"loose":true}],[[],{"loose":true}],[[],null],[[],{"loose":true}],[[],null],[[],null],[[],null],[[],null],[[],null],[[],null],[[],{"loose":true}],[[],null],[[],null],[[],null],[[],null],[[],null],[[],null],[[],null]],"ignore":[],"code":true,"metadata":true,"ast":false,"comments":true,"compact":false,"minified":false,"sourceMap":true,"sourceMaps":true,"sourceMapTarget":"/imports/ui/body.js.map","sourceFileName":"/imports/ui/body.js","babelrc":false,"sourceType":"module","moduleIds":false,"passPerPreset":false,"parserOpts":false,"generatorOpts":false,"basename":"body"},"ignored":false,"code":"var Template = void 0;\nmodule.import('meteor/templating', {\n  \"Template\": function (v) {\n    Template = v;\n  }\n}, 0);\nvar Tasks = void 0;\nmodule.import('../api/tasks.js', {\n  \"Tasks\": function (v) {\n    Tasks = v;\n  }\n}, 1);\nmodule.import('./body.html');\nTemplate.body.helpers({\n  tasks: function () {\n    return Tasks.find({});\n  }\n});\nTemplate.body.events({\n  'submit .new-task': function (event) {\n    // Prevent default browser form submit\n    event.preventDefault(); // Get value from form element\n\n    var target = event.target;\n    var text = target.text.value; // Insert a task into the collection\n\n    Tasks.insert({\n      text: text,\n      createdAt: new Date()\n    }); // Clear form\n\n    target.text.value = '';\n  }\n});","ast":null,"map":{"version":3,"sources":["/imports/ui/body.js"],"names":["Template","module","import","v","Tasks","body","helpers","tasks","find","events","event","preventDefault","target","text","value","insert","createdAt","Date"],"mappings":"AAAA,IAAIA,iBAAJ;AAAaC,OAAOC,MAAP,CAAc,mBAAd,EAAkC;AAAC,cAAW,UAASC,CAAT,EAAW;AAACH,eAASG,CAAT;AAAW;AAAnC,CAAlC,EAAuE,CAAvE;AAA0E,IAAIC,cAAJ;AAAUH,OAAOC,MAAP,CAAc,iBAAd,EAAgC;AAAC,WAAQ,UAASC,CAAT,EAAW;AAACC,YAAMD,CAAN;AAAQ;AAA7B,CAAhC,EAA+D,CAA/D;AAAkEF,OAAOC,MAAP,CAAc,aAAd;AAMnKF,SAASK,IAAT,CAAcC,OAAd,CAAsB;AACpBC,OADoB,cACZ;AACN,WAAOH,MAAMI,IAAN,CAAW,EAAX,CAAP;AACD;AAHmB,CAAtB;AAOAR,SAASK,IAAT,CAAcI,MAAd,CAAqB;AACnB,oBADmB,YACAC,KADA,EACO;AACxB;AACAA,UAAMC,cAAN,GAFwB,CAIxB;;AACA,QAAMC,SAASF,MAAME,MAArB;AACA,QAAMC,OAAOD,OAAOC,IAAP,CAAYC,KAAzB,CANwB,CAQxB;;AACAV,UAAMW,MAAN,CAAa;AACXF,gBADW;AAEXG,iBAAW,IAAIC,IAAJ;AAFA,KAAb,EATwB,CAcxB;;AACAL,WAAOC,IAAP,CAAYC,KAAZ,GAAoB,EAApB;AACD;AAjBkB,CAArB","file":"/imports/ui/body.js.map","sourcesContent":["import { Template } from 'meteor/templating';\n \nimport { Tasks } from '../api/tasks.js';\n \nimport './body.html';\n \nTemplate.body.helpers({\n  tasks() {\n    return Tasks.find({});\n  },\n});\n\n\nTemplate.body.events({\n  'submit .new-task'(event) {\n    // Prevent default browser form submit\n    event.preventDefault();\n \n    // Get value from form element\n    const target = event.target;\n    const text = target.text.value;\n \n    // Insert a task into the collection\n    Tasks.insert({\n      text,\n      createdAt: new Date(), // current time\n    });\n \n    // Clear form\n    target.text.value = '';\n  },\n});\n\n"]},"hash":"54727070de76eb046c2095f3d98f2a3a32b5e742"}
