{"metadata":{"usedHelpers":[],"marked":[],"modules":{"imports":[],"exports":{"exported":[],"specifiers":[]}}},"options":{"filename":"/imports/ui/body.js","filenameRelative":"/imports/ui/body.js","env":{"development":{"plugins":[]}},"retainLines":false,"highlightCode":true,"suppressDeprecationMessages":false,"presets":[],"plugins":[[[],{"polyfill":false}],[[],null],[[],null],[[],{"allowTopLevelThis":true,"strict":false,"loose":true}],[[],null],[[],null],[[],null],[[],null],[[],null],[[],null],[[],null],[[],null],[[],null],[[],null],[[],null],[[],null],[[],null],[[],{"loose":true}],[[],{"loose":true}],[[],null],[[],{"loose":true}],[[],null],[[],null],[[],null],[[],null],[[],null],[[],null],[[],{"loose":true}],[[],null],[[],null],[[],null],[[],null],[[],null],[[],null],[[],null]],"ignore":[],"code":true,"metadata":true,"ast":false,"comments":true,"compact":false,"minified":false,"sourceMap":true,"sourceMaps":true,"sourceMapTarget":"/imports/ui/body.js.map","sourceFileName":"/imports/ui/body.js","babelrc":false,"sourceType":"module","moduleIds":false,"passPerPreset":false,"parserOpts":false,"generatorOpts":false,"basename":"body"},"ignored":false,"code":"var Template = void 0;\nmodule.import('meteor/templating', {\n  \"Template\": function (v) {\n    Template = v;\n  }\n}, 0);\nmodule.import('~/todo-list/imports/ui/body.html');\nTemplate.body.helpers({\n  tasks: [{\n    text: 'This is task 1'\n  }, {\n    text: 'This is task 2'\n  }, {\n    text: 'This is task 3'\n  }]\n});","ast":null,"map":{"version":3,"sources":["/imports/ui/body.js"],"names":["Template","module","import","v","body","helpers","tasks","text"],"mappings":"AAAA,IAAIA,iBAAJ;AAAaC,OAAOC,MAAP,CAAc,mBAAd,EAAkC;AAAC,cAAW,UAASC,CAAT,EAAW;AAACH,eAASG,CAAT;AAAW;AAAnC,CAAlC,EAAuE,CAAvE;AAA0EF,OAAOC,MAAP,CAAc,kCAAd;AAIvFF,SAASI,IAAT,CAAcC,OAAd,CAAsB;AACpBC,SAAO,CACL;AAAEC,UAAM;AAAR,GADK,EAEL;AAAEA,UAAM;AAAR,GAFK,EAGL;AAAEA,UAAM;AAAR,GAHK;AADa,CAAtB","file":"/imports/ui/body.js.map","sourcesContent":["import { Template } from 'meteor/templating';\n\nimport '~/todo-list/imports/ui/body.html';\n\nTemplate.body.helpers({\n  tasks: [\n    { text: 'This is task 1' },\n    { text: 'This is task 2' },\n    { text: 'This is task 3' },\n  ],\n});\n"]},"hash":"5c117ef744ae324e26f078384ea1a630b6513f29"}
