{"metadata":{"usedHelpers":["typeof","classCallCheck","interopRequireDefault"],"marked":[],"modules":{"imports":[],"exports":{"exported":[],"specifiers":[]}}},"options":{"filename":"/packages/shell-server/shell-server.js","filenameRelative":"/packages/shell-server/shell-server.js","env":{"development":{"plugins":[]}},"retainLines":false,"highlightCode":true,"suppressDeprecationMessages":false,"presets":[],"plugins":[[[],{"polyfill":false}],[[],null],[[],null],[[],{"allowTopLevelThis":true,"strict":false,"loose":true}],[[],null],[[],null],[[],null],[[],null],[[],null],[[],null],[[],null],[[],null],[[],null],[[],null],[[],null],[[],null],[[],null],[[],{"loose":true}],[[],{"loose":true}],[[],null],[[],{"loose":true}],[[],null],[[],null],[[],null],[[],null],[[],null],[[],null],[[],{"loose":true}],[[],null],[[],null],[[],null],[[],null],[[],null],[[],null],[[],null]],"ignore":[],"code":true,"metadata":true,"ast":false,"comments":true,"compact":false,"minified":false,"sourceMap":true,"sourceMaps":true,"sourceMapTarget":"/packages/shell-server/shell-server.js.map","sourceFileName":"/packages/shell-server/shell-server.js","babelrc":false,"sourceType":"module","moduleIds":false,"passPerPreset":false,"parserOpts":false,"generatorOpts":false,"basename":"shell-server"},"ignored":false,"code":"var _classCallCheck2 = require(\"babel-runtime/helpers/classCallCheck\");\n\nvar _classCallCheck3 = _interopRequireDefault(_classCallCheck2);\n\nvar _typeof2 = require(\"babel-runtime/helpers/typeof\");\n\nvar _typeof3 = _interopRequireDefault(_typeof2);\n\nfunction _interopRequireDefault(obj) { return obj && obj.__esModule ? obj : { \"default\": obj }; }\n\nmodule.export({\n  listen: function () {\n    return listen;\n  },\n  disable: function () {\n    return disable;\n  }\n});\n\nvar assert = require(\"assert\");\n\nvar path = require(\"path\");\n\nvar stream = require(\"stream\");\n\nvar fs = require(\"fs\");\n\nvar net = require(\"net\");\n\nvar vm = require(\"vm\");\n\nvar _ = require(\"underscore\");\n\nvar INFO_FILE_MODE = parseInt(\"600\", 8); // Only the owner can read or write.\n\nvar EXITING_MESSAGE = \"Shell exiting...\"; // Invoked by the server process to listen for incoming connections from\n// shell clients. Each connection gets its own REPL instance.\n\nfunction listen(shellDir) {\n  function callback() {\n    new Server(shellDir).listen();\n  } // If the server is still in the very early stages of starting up,\n  // Meteor.startup may not available yet.\n\n\n  if ((typeof Meteor === \"undefined\" ? \"undefined\" : (0, _typeof3.default)(Meteor)) === \"object\") {\n    Meteor.startup(callback);\n  } else if ((typeof __meteor_bootstrap__ === \"undefined\" ? \"undefined\" : (0, _typeof3.default)(__meteor_bootstrap__)) === \"object\") {\n    var hooks = __meteor_bootstrap__.startupHooks;\n\n    if (hooks) {\n      hooks.push(callback);\n    } else {\n      // As a fallback, just call the callback asynchronously.\n      setImmediate(callback);\n    }\n  }\n}\n\nfunction disable(shellDir) {\n  try {\n    // Replace info.json with a file that says the shell server is\n    // disabled, so that any connected shell clients will fail to\n    // reconnect after the server process closes their sockets.\n    fs.writeFileSync(getInfoFile(shellDir), JSON.stringify({\n      status: \"disabled\",\n      reason: \"Shell server has shut down.\"\n    }) + \"\\n\", {\n      mode: INFO_FILE_MODE\n    });\n  } catch (ignored) {}\n}\n\nvar Server = function () {\n  function Server(shellDir) {\n    (0, _classCallCheck3.default)(this, Server);\n    var self = this;\n    assert.ok(self instanceof Server);\n    self.shellDir = shellDir;\n    self.key = Math.random().toString(36).slice(2);\n    self.server = net.createServer(function (socket) {\n      self.onConnection(socket);\n    }).on(\"error\", function (err) {\n      console.error(err.stack);\n    });\n  }\n\n  Server.prototype.listen = function () {\n    function listen() {\n      var self = this;\n      var infoFile = getInfoFile(self.shellDir);\n      fs.unlink(infoFile, function () {\n        self.server.listen(0, \"127.0.0.1\", function () {\n          fs.writeFileSync(infoFile, JSON.stringify({\n            status: \"enabled\",\n            port: self.server.address().port,\n            key: self.key\n          }) + \"\\n\", {\n            mode: INFO_FILE_MODE\n          });\n        });\n      });\n    }\n\n    return listen;\n  }();\n\n  Server.prototype.onConnection = function () {\n    function onConnection(socket) {\n      var self = this; // Make sure this function doesn't try to write anything to the socket\n      // after it has been closed.\n\n      socket.on(\"close\", function () {\n        socket = null;\n      }); // If communication is not established within 1000ms of the first\n      // connection, forcibly close the socket.\n\n      var timeout = setTimeout(function () {\n        if (socket) {\n          socket.removeAllListeners(\"data\");\n          socket.end(EXITING_MESSAGE + \"\\n\");\n        }\n      }, 1000); // Let connecting clients configure certain REPL options by sending a\n      // JSON object over the socket. For example, only the client knows\n      // whether it's running a TTY or an Emacs subshell or some other kind of\n      // terminal, so the client must decide the value of options.terminal.\n\n      readJSONFromStream(socket, function (error, options, replInputSocket) {\n        clearTimeout(timeout);\n\n        if (error) {\n          socket = null;\n          console.error(error.stack);\n          return;\n        }\n\n        if (options.key !== self.key) {\n          if (socket) {\n            socket.end(EXITING_MESSAGE + \"\\n\");\n          }\n\n          return;\n        }\n\n        delete options.key; // Set the columns to what is being requested by the client.\n\n        if (options.columns && socket) {\n          socket.columns = options.columns;\n        }\n\n        delete options.columns;\n\n        if (options.evaluateAndExit) {\n          evalCommand.call(Object.create(null), // Dummy repl object without ._RecoverableError.\n          \"(\" + options.evaluateAndExit.command + \")\", null, // evalCommand ignores the context parameter, anyway\n          options.evaluateAndExit.filename || \"<meteor shell>\", function (error, result) {\n            if (socket) {\n              var message = error ? {\n                error: error + \"\",\n                code: 1\n              } : {\n                result: result\n              }; // Sending back a JSON payload allows the client to\n              // distinguish between errors and successful results.\n\n              socket.end(JSON.stringify(message) + \"\\n\");\n            }\n          });\n          return;\n        }\n\n        delete options.evaluateAndExit; // Immutable options.\n\n        _.extend(options, {\n          input: replInputSocket,\n          output: socket\n        }); // Overridable options.\n\n\n        _.defaults(options, {\n          prompt: \"> \",\n          terminal: true,\n          useColors: true,\n          useGlobal: true,\n          ignoreUndefined: true\n        });\n\n        self.startREPL(options);\n      });\n    }\n\n    return onConnection;\n  }();\n\n  Server.prototype.startREPL = function () {\n    function startREPL(options) {\n      var self = this; // Make sure this function doesn't try to write anything to the output\n      // stream after it has been closed.\n\n      options.output.on(\"close\", function () {\n        options.output = null;\n      });\n\n      var repl = self.repl = require(\"repl\").start(options); // History persists across shell sessions!\n\n\n      self.initializeHistory(); // Save the global `_` object in the server.  This is probably defined by the\n      // underscore package.  It is unlikely to be the same object as the `var _ =\n      // require('underscore')` in this file!\n\n      var originalUnderscore = repl.context._;\n      Object.defineProperty(repl.context, \"_\", {\n        // Force the global _ variable to remain bound to underscore.\n        get: function () {\n          return originalUnderscore;\n        },\n        // Expose the last REPL result as __ instead of _.\n        set: function (lastResult) {\n          repl.context.__ = lastResult;\n        },\n        enumerable: true,\n        // Allow this property to be (re)defined more than once (e.g. each\n        // time the server restarts).\n        configurable: true\n      });\n\n      if (Package.modules) {\n        // Use the same `require` function and `module` object visible to the\n        // application.\n        var toBeInstalled = {};\n        var shellModuleName = \"meteor-shell-\" + Math.random().toString(36).slice(2) + \".js\";\n\n        toBeInstalled[shellModuleName] = function (require, exports, module) {\n          repl.context.module = module;\n          repl.context.require = require; // Tab completion sometimes uses require.extensions, but only for\n          // the keys.\n\n          require.extensions = {\n            \".js\": true,\n            \".json\": true,\n            \".node\": true\n          };\n        }; // This populates repl.context.{module,require} by evaluating the\n        // module defined above.\n\n\n        Package.modules.meteorInstall(toBeInstalled)(\"./\" + shellModuleName);\n      }\n\n      repl.context.repl = repl; // Some improvements to the existing help messages.\n\n      function addHelp(cmd, helpText) {\n        var info = repl.commands[cmd] || repl.commands[\".\" + cmd];\n\n        if (info) {\n          info.help = helpText;\n        }\n      }\n\n      addHelp(\"break\", \"Terminate current command input and display new prompt\");\n      addHelp(\"exit\", \"Disconnect from server and leave shell\");\n      addHelp(\"help\", \"Show this help information\"); // When the REPL exits, signal the attached client to exit by sending it\n      // the special EXITING_MESSAGE.\n\n      repl.on(\"exit\", function () {\n        if (options.output) {\n          options.output.write(EXITING_MESSAGE + \"\\n\");\n          options.output.end();\n        }\n      }); // When the server process exits, end the output stream but do not\n      // signal the attached client to exit.\n\n      process.on(\"exit\", function () {\n        if (options.output) {\n          options.output.end();\n        }\n      }); // This Meteor-specific shell command rebuilds the application as if a\n      // change was made to server code.\n\n      repl.defineCommand(\"reload\", {\n        help: \"Restart the server and the shell\",\n        action: function () {\n          process.exit(0);\n        }\n      }); // Trigger one recoverable error using the default eval function, just\n      // to capture the Recoverable error constructor, so that our custom\n      // evalCommand function can wrap recoverable errors properly.\n\n      repl.eval(\"{\", null, \"<meteor shell>\", function (error) {\n        // Capture the Recoverable error constructor.\n        repl._RecoverableError = error && error.constructor; // Now set repl.eval to the actual evalCommand function that we want\n        // to use, bound to repl._domain if necessary.\n\n        repl.eval = repl._domain ? repl._domain.bind(evalCommand) : evalCommand; // Terminate the partial evaluation of the { command.\n\n        repl.commands[\"break\"].action.call(repl);\n      });\n    }\n\n    return startREPL;\n  }(); // This function allows a persistent history of shell commands to be saved\n  // to and loaded from .meteor/local/shell-history.\n\n\n  Server.prototype.initializeHistory = function () {\n    function initializeHistory() {\n      var self = this;\n      var rli = self.repl.rli;\n      var historyFile = getHistoryFile(self.shellDir);\n      var historyFd = fs.openSync(historyFile, \"a+\");\n      var historyLines = fs.readFileSync(historyFile, \"utf8\").split(\"\\n\");\n      var seenLines = Object.create(null);\n\n      if (!rli.history) {\n        rli.history = [];\n        rli.historyIndex = -1;\n      }\n\n      while (rli.history && historyLines.length > 0) {\n        var line = historyLines.pop();\n\n        if (line && /\\S/.test(line) && !seenLines[line]) {\n          rli.history.push(line);\n          seenLines[line] = true;\n        }\n      }\n\n      rli.addListener(\"line\", function (line) {\n        if (historyFd >= 0 && /\\S/.test(line)) {\n          fs.writeSync(historyFd, line + \"\\n\");\n        }\n      });\n      self.repl.on(\"exit\", function () {\n        fs.closeSync(historyFd);\n        historyFd = -1;\n      });\n    }\n\n    return initializeHistory;\n  }();\n\n  return Server;\n}();\n\nfunction readJSONFromStream(inputStream, callback) {\n  var outputStream = new stream.PassThrough();\n  var dataSoFar = \"\";\n\n  function onData(buffer) {\n    var lines = buffer.toString(\"utf8\").split(\"\\n\");\n\n    while (lines.length > 0) {\n      dataSoFar += lines.shift();\n\n      try {\n        var json = JSON.parse(dataSoFar);\n      } catch (error) {\n        if (error instanceof SyntaxError) {\n          continue;\n        }\n\n        return finish(error);\n      }\n\n      if (lines.length > 0) {\n        outputStream.write(lines.join(\"\\n\"));\n      }\n\n      inputStream.pipe(outputStream);\n      return finish(null, json);\n    }\n  }\n\n  function onClose() {\n    finish(new Error(\"stream unexpectedly closed\"));\n  }\n\n  var finished = false;\n\n  function finish(error, json) {\n    if (!finished) {\n      finished = true;\n      inputStream.removeListener(\"data\", onData);\n      inputStream.removeListener(\"error\", finish);\n      inputStream.removeListener(\"close\", onClose);\n      callback(error, json, outputStream);\n    }\n  }\n\n  inputStream.on(\"data\", onData);\n  inputStream.on(\"error\", finish);\n  inputStream.on(\"close\", onClose);\n}\n\nfunction getInfoFile(shellDir) {\n  return path.join(shellDir, \"info.json\");\n}\n\nfunction getHistoryFile(shellDir) {\n  return path.join(shellDir, \"history\");\n} // Shell commands need to be executed in a Fiber in case they call into\n// code that yields. Using a Promise is an even better idea, since it runs\n// its callbacks in Fibers drawn from a pool, so the Fibers are recycled.\n\n\nvar evalCommandPromise = Promise.resolve();\n\nfunction evalCommand(command, context, filename, callback) {\n  var repl = this;\n\n  function finish(error, result) {\n    if (error) {\n      if (repl._RecoverableError && isRecoverableError(error, repl)) {\n        callback(new repl._RecoverableError(error));\n      } else {\n        callback(error);\n      }\n    } else {\n      callback(null, result);\n    }\n  }\n\n  if (Package.ecmascript) {\n    var noParens = stripParens(command);\n\n    if (noParens !== command) {\n      var classMatch = /^\\s*class\\s+(\\w+)/.exec(noParens);\n\n      if (classMatch && classMatch[1] !== \"extends\") {\n        // If the command looks like a named ES2015 class, we remove the\n        // extra layer of parentheses added by the REPL so that the\n        // command will be evaluated as a class declaration rather than as\n        // a named class expression. Note that you can still type (class A\n        // {}) explicitly to evaluate a named class expression. The REPL\n        // code that calls evalCommand handles named function expressions\n        // similarly (first with and then without parentheses), but that\n        // code doesn't know about ES2015 classes, which is why we have to\n        // handle them here.\n        command = noParens;\n      }\n    }\n\n    try {\n      command = Package.ecmascript.ECMAScript.compileForShell(command);\n    } catch (error) {\n      finish(error);\n      return;\n    }\n  }\n\n  try {\n    var script = new vm.Script(command, {\n      filename: filename,\n      displayErrors: false\n    });\n  } catch (parseError) {\n    finish(parseError);\n    return;\n  }\n\n  evalCommandPromise.then(function () {\n    finish(null, script.runInThisContext());\n  }).catch(finish);\n}\n\nfunction stripParens(command) {\n  if (command.charAt(0) === \"(\" && command.charAt(command.length - 1) === \")\") {\n    return command.slice(1, command.length - 1);\n  }\n\n  return command;\n} // The bailOnIllegalToken and isRecoverableError functions are taken from\n// https://github.com/nodejs/node/blob/c9e670ea2a/lib/repl.js#L1227-L1253\n\n\nfunction bailOnIllegalToken(parser) {\n  return parser._literal === null && !parser.blockComment && !parser.regExpLiteral;\n} // If the error is that we've unexpectedly ended the input,\n// then let the user try to recover by adding more input.\n\n\nfunction isRecoverableError(e, repl) {\n  if (e && e.name === 'SyntaxError') {\n    var message = e.message;\n\n    if (message === 'Unterminated template literal' || message === 'Missing } in template expression') {\n      repl._inTemplateLiteral = true;\n      return true;\n    }\n\n    if (message.startsWith('Unexpected end of input') || message.startsWith('missing ) after argument list') || message.startsWith('Unexpected token')) {\n      return true;\n    }\n\n    if (message === 'Invalid or unexpected token') {\n      return !bailOnIllegalToken(repl.lineParser);\n    }\n  }\n\n  return false;\n}","ast":null,"map":{"version":3,"sources":["/packages/shell-server/shell-server.js"],"names":["module","export","listen","disable","assert","require","path","stream","fs","net","vm","_","INFO_FILE_MODE","parseInt","EXITING_MESSAGE","shellDir","callback","Server","Meteor","startup","__meteor_bootstrap__","hooks","startupHooks","push","setImmediate","writeFileSync","getInfoFile","JSON","stringify","status","reason","mode","ignored","self","ok","key","Math","random","toString","slice","server","createServer","socket","onConnection","on","err","console","error","stack","infoFile","unlink","port","address","timeout","setTimeout","removeAllListeners","end","readJSONFromStream","options","replInputSocket","clearTimeout","columns","evaluateAndExit","evalCommand","call","Object","create","command","filename","result","message","code","extend","input","output","defaults","prompt","terminal","useColors","useGlobal","ignoreUndefined","startREPL","repl","start","initializeHistory","originalUnderscore","context","defineProperty","get","set","lastResult","__","enumerable","configurable","Package","modules","toBeInstalled","shellModuleName","exports","extensions","meteorInstall","addHelp","cmd","helpText","info","commands","help","write","process","defineCommand","action","exit","eval","_RecoverableError","constructor","_domain","bind","rli","historyFile","getHistoryFile","historyFd","openSync","historyLines","readFileSync","split","seenLines","history","historyIndex","length","line","pop","test","addListener","writeSync","closeSync","inputStream","outputStream","PassThrough","dataSoFar","onData","buffer","lines","shift","json","parse","SyntaxError","finish","join","pipe","onClose","Error","finished","removeListener","evalCommandPromise","Promise","resolve","isRecoverableError","ecmascript","noParens","stripParens","classMatch","exec","ECMAScript","compileForShell","script","Script","displayErrors","parseError","then","runInThisContext","catch","charAt","bailOnIllegalToken","parser","_literal","blockComment","regExpLiteral","e","name","_inTemplateLiteral","startsWith","lineParser"],"mappings":";;;;;;;;;;AAAAA,OAAOC,MAAP,CAAc;AAACC,UAAO,YAAU;AAAC,WAAOA,MAAP;AAAc,GAAjC;AAAkCC,WAAQ,YAAU;AAAC,WAAOA,OAAP;AAAe;AAApE,CAAd;;AAAA,IAAIC,SAASC,QAAQ,QAAR,CAAb;;AACA,IAAIC,OAAOD,QAAQ,MAAR,CAAX;;AACA,IAAIE,SAASF,QAAQ,QAAR,CAAb;;AACA,IAAIG,KAAKH,QAAQ,IAAR,CAAT;;AACA,IAAII,MAAMJ,QAAQ,KAAR,CAAV;;AACA,IAAIK,KAAKL,QAAQ,IAAR,CAAT;;AACA,IAAIM,IAAIN,QAAQ,YAAR,CAAR;;AACA,IAAIO,iBAAiBC,SAAS,KAAT,EAAgB,CAAhB,CAArB,C,CAAyC;;AACzC,IAAIC,kBAAkB,kBAAtB,C,CAEA;AACA;;AACO,SAASZ,MAAT,CAAgBa,QAAhB,EAA0B;AAC/B,WAASC,QAAT,GAAoB;AAClB,QAAIC,MAAJ,CAAWF,QAAX,EAAqBb,MAArB;AACD,GAH8B,CAK/B;AACA;;;AACA,MAAI,QAAOgB,MAAP,uDAAOA,MAAP,OAAkB,QAAtB,EAAgC;AAC9BA,WAAOC,OAAP,CAAeH,QAAf;AACD,GAFD,MAEO,IAAI,QAAOI,oBAAP,uDAAOA,oBAAP,OAAgC,QAApC,EAA8C;AACnD,QAAIC,QAAQD,qBAAqBE,YAAjC;;AACA,QAAID,KAAJ,EAAW;AACTA,YAAME,IAAN,CAAWP,QAAX;AACD,KAFD,MAEO;AACL;AACAQ,mBAAaR,QAAb;AACD;AACF;AACF;;AAGM,SAASb,OAAT,CAAiBY,QAAjB,EAA2B;AAChC,MAAI;AACF;AACA;AACA;AACAP,OAAGiB,aAAH,CACEC,YAAYX,QAAZ,CADF,EAEEY,KAAKC,SAAL,CAAe;AACbC,cAAQ,UADK;AAEbC,cAAQ;AAFK,KAAf,IAGK,IALP,EAME;AAAEC,YAAMnB;AAAR,KANF;AAQD,GAZD,CAYE,OAAOoB,OAAP,EAAgB,CAAE;AACrB;;IAEKf,M;AACJ,kBAAYF,QAAZ,EAAsB;AAAA;AACpB,QAAIkB,OAAO,IAAX;AACA7B,WAAO8B,EAAP,CAAUD,gBAAgBhB,MAA1B;AAEAgB,SAAKlB,QAAL,GAAgBA,QAAhB;AACAkB,SAAKE,GAAL,GAAWC,KAAKC,MAAL,GAAcC,QAAd,CAAuB,EAAvB,EAA2BC,KAA3B,CAAiC,CAAjC,CAAX;AAEAN,SAAKO,MAAL,GAAc/B,IAAIgC,YAAJ,CAAiB,UAASC,MAAT,EAAiB;AAC9CT,WAAKU,YAAL,CAAkBD,MAAlB;AACD,KAFa,EAEXE,EAFW,CAER,OAFQ,EAEC,UAASC,GAAT,EAAc;AAC3BC,cAAQC,KAAR,CAAcF,IAAIG,KAAlB;AACD,KAJa,CAAd;AAKD;;mBAED9C,M;sBAAS;AACP,UAAI+B,OAAO,IAAX;AACA,UAAIgB,WAAWvB,YAAYO,KAAKlB,QAAjB,CAAf;AAEAP,SAAG0C,MAAH,CAAUD,QAAV,EAAoB,YAAW;AAC7BhB,aAAKO,MAAL,CAAYtC,MAAZ,CAAmB,CAAnB,EAAsB,WAAtB,EAAmC,YAAW;AAC5CM,aAAGiB,aAAH,CAAiBwB,QAAjB,EAA2BtB,KAAKC,SAAL,CAAe;AACxCC,oBAAQ,SADgC;AAExCsB,kBAAMlB,KAAKO,MAAL,CAAYY,OAAZ,GAAsBD,IAFY;AAGxChB,iBAAKF,KAAKE;AAH8B,WAAf,IAItB,IAJL,EAIW;AACTJ,kBAAMnB;AADG,WAJX;AAOD,SARD;AASD,OAVD;AAWD;;;;;mBAED+B,Y;0BAAaD,M,EAAQ;AACnB,UAAIT,OAAO,IAAX,CADmB,CAGnB;AACA;;AACAS,aAAOE,EAAP,CAAU,OAAV,EAAmB,YAAW;AAC5BF,iBAAS,IAAT;AACD,OAFD,EALmB,CASnB;AACA;;AACA,UAAIW,UAAUC,WAAW,YAAW;AAClC,YAAIZ,MAAJ,EAAY;AACVA,iBAAOa,kBAAP,CAA0B,MAA1B;AACAb,iBAAOc,GAAP,CAAW1C,kBAAkB,IAA7B;AACD;AACF,OALa,EAKX,IALW,CAAd,CAXmB,CAkBnB;AACA;AACA;AACA;;AACA2C,yBAAmBf,MAAnB,EAA2B,UAAUK,KAAV,EAAiBW,OAAjB,EAA0BC,eAA1B,EAA2C;AACpEC,qBAAaP,OAAb;;AAEA,YAAIN,KAAJ,EAAW;AACTL,mBAAS,IAAT;AACAI,kBAAQC,KAAR,CAAcA,MAAMC,KAApB;AACA;AACD;;AAED,YAAIU,QAAQvB,GAAR,KAAgBF,KAAKE,GAAzB,EAA8B;AAC5B,cAAIO,MAAJ,EAAY;AACVA,mBAAOc,GAAP,CAAW1C,kBAAkB,IAA7B;AACD;;AACD;AACD;;AACD,eAAO4C,QAAQvB,GAAf,CAfoE,CAiBpE;;AACA,YAAIuB,QAAQG,OAAR,IAAmBnB,MAAvB,EAA+B;AAC7BA,iBAAOmB,OAAP,GAAiBH,QAAQG,OAAzB;AACD;;AACD,eAAOH,QAAQG,OAAf;;AAEA,YAAIH,QAAQI,eAAZ,EAA6B;AAC3BC,sBAAYC,IAAZ,CACEC,OAAOC,MAAP,CAAc,IAAd,CADF,EACuB;AACrB,gBAAMR,QAAQI,eAAR,CAAwBK,OAA9B,GAAwC,GAF1C,EAGE,IAHF,EAGQ;AACNT,kBAAQI,eAAR,CAAwBM,QAAxB,IAAoC,gBAJtC,EAKE,UAAUrB,KAAV,EAAiBsB,MAAjB,EAAyB;AACvB,gBAAI3B,MAAJ,EAAY;AACV,kBAAI4B,UAAUvB,QAAQ;AACpBA,uBAAOA,QAAQ,EADK;AAEpBwB,sBAAM;AAFc,eAAR,GAGV;AACFF,wBAAQA;AADN,eAHJ,CADU,CAQV;AACA;;AACA3B,qBAAOc,GAAP,CAAW7B,KAAKC,SAAL,CAAe0C,OAAf,IAA0B,IAArC;AACD;AACF,WAlBH;AAoBA;AACD;;AACD,eAAOZ,QAAQI,eAAf,CA9CoE,CAgDpE;;AACAnD,UAAE6D,MAAF,CAASd,OAAT,EAAkB;AAChBe,iBAAOd,eADS;AAEhBe,kBAAQhC;AAFQ,SAAlB,EAjDoE,CAsDpE;;;AACA/B,UAAEgE,QAAF,CAAWjB,OAAX,EAAoB;AAClBkB,kBAAQ,IADU;AAElBC,oBAAU,IAFQ;AAGlBC,qBAAW,IAHO;AAIlBC,qBAAW,IAJO;AAKlBC,2BAAiB;AALC,SAApB;;AAQA/C,aAAKgD,SAAL,CAAevB,OAAf;AACD,OAhED;AAiED;;;;;mBAEDuB,S;uBAAUvB,O,EAAS;AACjB,UAAIzB,OAAO,IAAX,CADiB,CAGjB;AACA;;AACAyB,cAAQgB,MAAR,CAAe9B,EAAf,CAAkB,OAAlB,EAA2B,YAAW;AACpCc,gBAAQgB,MAAR,GAAiB,IAAjB;AACD,OAFD;;AAIA,UAAIQ,OAAOjD,KAAKiD,IAAL,GAAY7E,QAAQ,MAAR,EAAgB8E,KAAhB,CAAsBzB,OAAtB,CAAvB,CATiB,CAWjB;;;AACAzB,WAAKmD,iBAAL,GAZiB,CAcjB;AACA;AACA;;AACA,UAAIC,qBAAqBH,KAAKI,OAAL,CAAa3E,CAAtC;AAEAsD,aAAOsB,cAAP,CAAsBL,KAAKI,OAA3B,EAAoC,GAApC,EAAyC;AACvC;AACAE,aAAK,YAAY;AAAE,iBAAOH,kBAAP;AAA4B,SAFR;AAIvC;AACAI,aAAK,UAASC,UAAT,EAAqB;AACxBR,eAAKI,OAAL,CAAaK,EAAb,GAAkBD,UAAlB;AACD,SAPsC;AASvCE,oBAAY,IAT2B;AAWvC;AACA;AACAC,sBAAc;AAbyB,OAAzC;;AAgBA,UAAIC,QAAQC,OAAZ,EAAqB;AACnB;AACA;AACA,YAAIC,gBAAgB,EAApB;AACA,YAAIC,kBAAkB,kBACpB7D,KAAKC,MAAL,GAAcC,QAAd,CAAuB,EAAvB,EAA2BC,KAA3B,CAAiC,CAAjC,CADoB,GACkB,KADxC;;AAGAyD,sBAAcC,eAAd,IAAiC,UAAU5F,OAAV,EAAmB6F,OAAnB,EAA4BlG,MAA5B,EAAoC;AACnEkF,eAAKI,OAAL,CAAatF,MAAb,GAAsBA,MAAtB;AACAkF,eAAKI,OAAL,CAAajF,OAAb,GAAuBA,OAAvB,CAFmE,CAInE;AACA;;AACAA,kBAAQ8F,UAAR,GAAqB;AACnB,mBAAO,IADY;AAEnB,qBAAS,IAFU;AAGnB,qBAAS;AAHU,WAArB;AAKD,SAXD,CAPmB,CAoBnB;AACA;;;AACAL,gBAAQC,OAAR,CAAgBK,aAAhB,CAA8BJ,aAA9B,EAA6C,OAAOC,eAApD;AACD;;AAEDf,WAAKI,OAAL,CAAaJ,IAAb,GAAoBA,IAApB,CA5DiB,CA8DjB;;AACA,eAASmB,OAAT,CAAiBC,GAAjB,EAAsBC,QAAtB,EAAgC;AAC9B,YAAIC,OAAOtB,KAAKuB,QAAL,CAAcH,GAAd,KAAsBpB,KAAKuB,QAAL,CAAc,MAAMH,GAApB,CAAjC;;AACA,YAAIE,IAAJ,EAAU;AACRA,eAAKE,IAAL,GAAYH,QAAZ;AACD;AACF;;AACDF,cAAQ,OAAR,EAAiB,wDAAjB;AACAA,cAAQ,MAAR,EAAgB,wCAAhB;AACAA,cAAQ,MAAR,EAAgB,4BAAhB,EAvEiB,CAyEjB;AACA;;AACAnB,WAAKtC,EAAL,CAAQ,MAAR,EAAgB,YAAW;AACzB,YAAIc,QAAQgB,MAAZ,EAAoB;AAClBhB,kBAAQgB,MAAR,CAAeiC,KAAf,CAAqB7F,kBAAkB,IAAvC;AACA4C,kBAAQgB,MAAR,CAAelB,GAAf;AACD;AACF,OALD,EA3EiB,CAkFjB;AACA;;AACAoD,cAAQhE,EAAR,CAAW,MAAX,EAAmB,YAAW;AAC5B,YAAIc,QAAQgB,MAAZ,EAAoB;AAClBhB,kBAAQgB,MAAR,CAAelB,GAAf;AACD;AACF,OAJD,EApFiB,CA0FjB;AACA;;AACA0B,WAAK2B,aAAL,CAAmB,QAAnB,EAA6B;AAC3BH,cAAM,kCADqB;AAE3BI,gBAAQ,YAAW;AACjBF,kBAAQG,IAAR,CAAa,CAAb;AACD;AAJ0B,OAA7B,EA5FiB,CAmGjB;AACA;AACA;;AACA7B,WAAK8B,IAAL,CACE,GADF,EACO,IADP,EACa,gBADb,EAEE,UAAUjE,KAAV,EAAiB;AACf;AACAmC,aAAK+B,iBAAL,GAAyBlE,SAASA,MAAMmE,WAAxC,CAFe,CAIf;AACA;;AACAhC,aAAK8B,IAAL,GAAY9B,KAAKiC,OAAL,GACRjC,KAAKiC,OAAL,CAAaC,IAAb,CAAkBrD,WAAlB,CADQ,GAERA,WAFJ,CANe,CAUf;;AACAmB,aAAKuB,QAAL,CAAc,OAAd,EAAuBK,MAAvB,CAA8B9C,IAA9B,CAAmCkB,IAAnC;AACD,OAdH;AAgBD;;;OAED;AACA;;;mBACAE,iB;iCAAoB;AAClB,UAAInD,OAAO,IAAX;AACA,UAAIoF,MAAMpF,KAAKiD,IAAL,CAAUmC,GAApB;AACA,UAAIC,cAAcC,eAAetF,KAAKlB,QAApB,CAAlB;AACA,UAAIyG,YAAYhH,GAAGiH,QAAH,CAAYH,WAAZ,EAAyB,IAAzB,CAAhB;AACA,UAAII,eAAelH,GAAGmH,YAAH,CAAgBL,WAAhB,EAA6B,MAA7B,EAAqCM,KAArC,CAA2C,IAA3C,CAAnB;AACA,UAAIC,YAAY5D,OAAOC,MAAP,CAAc,IAAd,CAAhB;;AAEA,UAAI,CAAEmD,IAAIS,OAAV,EAAmB;AACjBT,YAAIS,OAAJ,GAAc,EAAd;AACAT,YAAIU,YAAJ,GAAmB,CAAC,CAApB;AACD;;AAED,aAAOV,IAAIS,OAAJ,IAAeJ,aAAaM,MAAb,GAAsB,CAA5C,EAA+C;AAC7C,YAAIC,OAAOP,aAAaQ,GAAb,EAAX;;AACA,YAAID,QAAQ,KAAKE,IAAL,CAAUF,IAAV,CAAR,IAA2B,CAAEJ,UAAUI,IAAV,CAAjC,EAAkD;AAChDZ,cAAIS,OAAJ,CAAYvG,IAAZ,CAAiB0G,IAAjB;AACAJ,oBAAUI,IAAV,IAAkB,IAAlB;AACD;AACF;;AAEDZ,UAAIe,WAAJ,CAAgB,MAAhB,EAAwB,UAASH,IAAT,EAAe;AACrC,YAAIT,aAAa,CAAb,IAAkB,KAAKW,IAAL,CAAUF,IAAV,CAAtB,EAAuC;AACrCzH,aAAG6H,SAAH,CAAab,SAAb,EAAwBS,OAAO,IAA/B;AACD;AACF,OAJD;AAMAhG,WAAKiD,IAAL,CAAUtC,EAAV,CAAa,MAAb,EAAqB,YAAW;AAC9BpC,WAAG8H,SAAH,CAAad,SAAb;AACAA,oBAAY,CAAC,CAAb;AACD,OAHD;AAID;;;;;;;;AAGH,SAAS/D,kBAAT,CAA4B8E,WAA5B,EAAyCvH,QAAzC,EAAmD;AACjD,MAAIwH,eAAe,IAAIjI,OAAOkI,WAAX,EAAnB;AACA,MAAIC,YAAY,EAAhB;;AAEA,WAASC,MAAT,CAAgBC,MAAhB,EAAwB;AACtB,QAAIC,QAAQD,OAAOtG,QAAP,CAAgB,MAAhB,EAAwBsF,KAAxB,CAA8B,IAA9B,CAAZ;;AAEA,WAAOiB,MAAMb,MAAN,GAAe,CAAtB,EAAyB;AACvBU,mBAAaG,MAAMC,KAAN,EAAb;;AAEA,UAAI;AACF,YAAIC,OAAOpH,KAAKqH,KAAL,CAAWN,SAAX,CAAX;AACD,OAFD,CAEE,OAAO3F,KAAP,EAAc;AACd,YAAIA,iBAAiBkG,WAArB,EAAkC;AAChC;AACD;;AAED,eAAOC,OAAOnG,KAAP,CAAP;AACD;;AAED,UAAI8F,MAAMb,MAAN,GAAe,CAAnB,EAAsB;AACpBQ,qBAAa7B,KAAb,CAAmBkC,MAAMM,IAAN,CAAW,IAAX,CAAnB;AACD;;AAEDZ,kBAAYa,IAAZ,CAAiBZ,YAAjB;AAEA,aAAOU,OAAO,IAAP,EAAaH,IAAb,CAAP;AACD;AACF;;AAED,WAASM,OAAT,GAAmB;AACjBH,WAAO,IAAII,KAAJ,CAAU,4BAAV,CAAP;AACD;;AAED,MAAIC,WAAW,KAAf;;AACA,WAASL,MAAT,CAAgBnG,KAAhB,EAAuBgG,IAAvB,EAA6B;AAC3B,QAAI,CAAEQ,QAAN,EAAgB;AACdA,iBAAW,IAAX;AACAhB,kBAAYiB,cAAZ,CAA2B,MAA3B,EAAmCb,MAAnC;AACAJ,kBAAYiB,cAAZ,CAA2B,OAA3B,EAAoCN,MAApC;AACAX,kBAAYiB,cAAZ,CAA2B,OAA3B,EAAoCH,OAApC;AACArI,eAAS+B,KAAT,EAAgBgG,IAAhB,EAAsBP,YAAtB;AACD;AACF;;AAEDD,cAAY3F,EAAZ,CAAe,MAAf,EAAuB+F,MAAvB;AACAJ,cAAY3F,EAAZ,CAAe,OAAf,EAAwBsG,MAAxB;AACAX,cAAY3F,EAAZ,CAAe,OAAf,EAAwByG,OAAxB;AACD;;AAED,SAAS3H,WAAT,CAAqBX,QAArB,EAA+B;AAC7B,SAAOT,KAAK6I,IAAL,CAAUpI,QAAV,EAAoB,WAApB,CAAP;AACD;;AAED,SAASwG,cAAT,CAAwBxG,QAAxB,EAAkC;AAChC,SAAOT,KAAK6I,IAAL,CAAUpI,QAAV,EAAoB,SAApB,CAAP;AACD,C,CAED;AACA;AACA;;;AACA,IAAI0I,qBAAqBC,QAAQC,OAAR,EAAzB;;AAEA,SAAS5F,WAAT,CAAqBI,OAArB,EAA8BmB,OAA9B,EAAuClB,QAAvC,EAAiDpD,QAAjD,EAA2D;AACzD,MAAIkE,OAAO,IAAX;;AAEA,WAASgE,MAAT,CAAgBnG,KAAhB,EAAuBsB,MAAvB,EAA+B;AAC7B,QAAItB,KAAJ,EAAW;AACT,UAAImC,KAAK+B,iBAAL,IACA2C,mBAAmB7G,KAAnB,EAA0BmC,IAA1B,CADJ,EACqC;AACnClE,iBAAS,IAAIkE,KAAK+B,iBAAT,CAA2BlE,KAA3B,CAAT;AACD,OAHD,MAGO;AACL/B,iBAAS+B,KAAT;AACD;AACF,KAPD,MAOO;AACL/B,eAAS,IAAT,EAAeqD,MAAf;AACD;AACF;;AAED,MAAIyB,QAAQ+D,UAAZ,EAAwB;AACtB,QAAIC,WAAWC,YAAY5F,OAAZ,CAAf;;AACA,QAAI2F,aAAa3F,OAAjB,EAA0B;AACxB,UAAI6F,aAAa,oBAAoBC,IAApB,CAAyBH,QAAzB,CAAjB;;AACA,UAAIE,cAAcA,WAAW,CAAX,MAAkB,SAApC,EAA+C;AAC7C;AACA;AACA;AACA;AACA;AACA;AACA;AACA;AACA;AACA7F,kBAAU2F,QAAV;AACD;AACF;;AAED,QAAI;AACF3F,gBAAU2B,QAAQ+D,UAAR,CAAmBK,UAAnB,CAA8BC,eAA9B,CAA8ChG,OAA9C,CAAV;AACD,KAFD,CAEE,OAAOpB,KAAP,EAAc;AACdmG,aAAOnG,KAAP;AACA;AACD;AACF;;AAED,MAAI;AACF,QAAIqH,SAAS,IAAI1J,GAAG2J,MAAP,CAAclG,OAAd,EAAuB;AAClCC,gBAAUA,QADwB;AAElCkG,qBAAe;AAFmB,KAAvB,CAAb;AAID,GALD,CAKE,OAAOC,UAAP,EAAmB;AACnBrB,WAAOqB,UAAP;AACA;AACD;;AAEDd,qBAAmBe,IAAnB,CAAwB,YAAY;AAClCtB,WAAO,IAAP,EAAakB,OAAOK,gBAAP,EAAb;AACD,GAFD,EAEGC,KAFH,CAESxB,MAFT;AAGD;;AAED,SAASa,WAAT,CAAqB5F,OAArB,EAA8B;AAC5B,MAAIA,QAAQwG,MAAR,CAAe,CAAf,MAAsB,GAAtB,IACAxG,QAAQwG,MAAR,CAAexG,QAAQ6D,MAAR,GAAiB,CAAhC,MAAuC,GAD3C,EACgD;AAC9C,WAAO7D,QAAQ5B,KAAR,CAAc,CAAd,EAAiB4B,QAAQ6D,MAAR,GAAiB,CAAlC,CAAP;AACD;;AACD,SAAO7D,OAAP;AACD,C,CAED;AACA;;;AACA,SAASyG,kBAAT,CAA4BC,MAA5B,EAAoC;AAClC,SAAOA,OAAOC,QAAP,KAAoB,IAApB,IACL,CAAED,OAAOE,YADJ,IAEL,CAAEF,OAAOG,aAFX;AAGD,C,CAED;AACA;;;AACA,SAASpB,kBAAT,CAA4BqB,CAA5B,EAA+B/F,IAA/B,EAAqC;AACnC,MAAI+F,KAAKA,EAAEC,IAAF,KAAW,aAApB,EAAmC;AACjC,QAAI5G,UAAU2G,EAAE3G,OAAhB;;AACA,QAAIA,YAAY,+BAAZ,IACAA,YAAY,kCADhB,EACoD;AAClDY,WAAKiG,kBAAL,GAA0B,IAA1B;AACA,aAAO,IAAP;AACD;;AAED,QAAI7G,QAAQ8G,UAAR,CAAmB,yBAAnB,KACA9G,QAAQ8G,UAAR,CAAmB,+BAAnB,CADA,IAEA9G,QAAQ8G,UAAR,CAAmB,kBAAnB,CAFJ,EAE4C;AAC1C,aAAO,IAAP;AACD;;AAED,QAAI9G,YAAY,6BAAhB,EAA+C;AAC7C,aAAO,CAAEsG,mBAAmB1F,KAAKmG,UAAxB,CAAT;AACD;AACF;;AAED,SAAO,KAAP;AACD","file":"/packages/shell-server/shell-server.js.map","sourcesContent":["var assert = require(\"assert\");\nvar path = require(\"path\");\nvar stream = require(\"stream\");\nvar fs = require(\"fs\");\nvar net = require(\"net\");\nvar vm = require(\"vm\");\nvar _ = require(\"underscore\");\nvar INFO_FILE_MODE = parseInt(\"600\", 8); // Only the owner can read or write.\nvar EXITING_MESSAGE = \"Shell exiting...\";\n\n// Invoked by the server process to listen for incoming connections from\n// shell clients. Each connection gets its own REPL instance.\nexport function listen(shellDir) {\n  function callback() {\n    new Server(shellDir).listen();\n  }\n\n  // If the server is still in the very early stages of starting up,\n  // Meteor.startup may not available yet.\n  if (typeof Meteor === \"object\") {\n    Meteor.startup(callback);\n  } else if (typeof __meteor_bootstrap__ === \"object\") {\n    var hooks = __meteor_bootstrap__.startupHooks;\n    if (hooks) {\n      hooks.push(callback);\n    } else {\n      // As a fallback, just call the callback asynchronously.\n      setImmediate(callback);\n    }\n  }\n}\n\n// Disabling the shell causes all attached clients to disconnect and exit.\nexport function disable(shellDir) {\n  try {\n    // Replace info.json with a file that says the shell server is\n    // disabled, so that any connected shell clients will fail to\n    // reconnect after the server process closes their sockets.\n    fs.writeFileSync(\n      getInfoFile(shellDir),\n      JSON.stringify({\n        status: \"disabled\",\n        reason: \"Shell server has shut down.\"\n      }) + \"\\n\",\n      { mode: INFO_FILE_MODE }\n    );\n  } catch (ignored) {}\n}\n\nclass Server {\n  constructor(shellDir) {\n    var self = this;\n    assert.ok(self instanceof Server);\n\n    self.shellDir = shellDir;\n    self.key = Math.random().toString(36).slice(2);\n\n    self.server = net.createServer(function(socket) {\n      self.onConnection(socket);\n    }).on(\"error\", function(err) {\n      console.error(err.stack);\n    });\n  }\n\n  listen() {\n    var self = this;\n    var infoFile = getInfoFile(self.shellDir);\n\n    fs.unlink(infoFile, function() {\n      self.server.listen(0, \"127.0.0.1\", function() {\n        fs.writeFileSync(infoFile, JSON.stringify({\n          status: \"enabled\",\n          port: self.server.address().port,\n          key: self.key\n        }) + \"\\n\", {\n          mode: INFO_FILE_MODE\n        });\n      });\n    });\n  }\n\n  onConnection(socket) {\n    var self = this;\n\n    // Make sure this function doesn't try to write anything to the socket\n    // after it has been closed.\n    socket.on(\"close\", function() {\n      socket = null;\n    });\n\n    // If communication is not established within 1000ms of the first\n    // connection, forcibly close the socket.\n    var timeout = setTimeout(function() {\n      if (socket) {\n        socket.removeAllListeners(\"data\");\n        socket.end(EXITING_MESSAGE + \"\\n\");\n      }\n    }, 1000);\n\n    // Let connecting clients configure certain REPL options by sending a\n    // JSON object over the socket. For example, only the client knows\n    // whether it's running a TTY or an Emacs subshell or some other kind of\n    // terminal, so the client must decide the value of options.terminal.\n    readJSONFromStream(socket, function (error, options, replInputSocket) {\n      clearTimeout(timeout);\n\n      if (error) {\n        socket = null;\n        console.error(error.stack);\n        return;\n      }\n\n      if (options.key !== self.key) {\n        if (socket) {\n          socket.end(EXITING_MESSAGE + \"\\n\");\n        }\n        return;\n      }\n      delete options.key;\n\n      // Set the columns to what is being requested by the client.\n      if (options.columns && socket) {\n        socket.columns = options.columns;\n      }\n      delete options.columns;\n\n      if (options.evaluateAndExit) {\n        evalCommand.call(\n          Object.create(null), // Dummy repl object without ._RecoverableError.\n          \"(\" + options.evaluateAndExit.command + \")\",\n          null, // evalCommand ignores the context parameter, anyway\n          options.evaluateAndExit.filename || \"<meteor shell>\",\n          function (error, result) {\n            if (socket) {\n              var message = error ? {\n                error: error + \"\",\n                code: 1\n              } : {\n                result: result\n              };\n\n              // Sending back a JSON payload allows the client to\n              // distinguish between errors and successful results.\n              socket.end(JSON.stringify(message) + \"\\n\");\n            }\n          }\n        );\n        return;\n      }\n      delete options.evaluateAndExit;\n\n      // Immutable options.\n      _.extend(options, {\n        input: replInputSocket,\n        output: socket\n      });\n\n      // Overridable options.\n      _.defaults(options, {\n        prompt: \"> \",\n        terminal: true,\n        useColors: true,\n        useGlobal: true,\n        ignoreUndefined: true,\n      });\n\n      self.startREPL(options);\n    });\n  }\n\n  startREPL(options) {\n    var self = this;\n\n    // Make sure this function doesn't try to write anything to the output\n    // stream after it has been closed.\n    options.output.on(\"close\", function() {\n      options.output = null;\n    });\n\n    var repl = self.repl = require(\"repl\").start(options);\n\n    // History persists across shell sessions!\n    self.initializeHistory();\n\n    // Save the global `_` object in the server.  This is probably defined by the\n    // underscore package.  It is unlikely to be the same object as the `var _ =\n    // require('underscore')` in this file!\n    var originalUnderscore = repl.context._;\n\n    Object.defineProperty(repl.context, \"_\", {\n      // Force the global _ variable to remain bound to underscore.\n      get: function () { return originalUnderscore; },\n\n      // Expose the last REPL result as __ instead of _.\n      set: function(lastResult) {\n        repl.context.__ = lastResult;\n      },\n\n      enumerable: true,\n\n      // Allow this property to be (re)defined more than once (e.g. each\n      // time the server restarts).\n      configurable: true\n    });\n\n    if (Package.modules) {\n      // Use the same `require` function and `module` object visible to the\n      // application.\n      var toBeInstalled = {};\n      var shellModuleName = \"meteor-shell-\" +\n        Math.random().toString(36).slice(2) + \".js\";\n\n      toBeInstalled[shellModuleName] = function (require, exports, module) {\n        repl.context.module = module;\n        repl.context.require = require;\n\n        // Tab completion sometimes uses require.extensions, but only for\n        // the keys.\n        require.extensions = {\n          \".js\": true,\n          \".json\": true,\n          \".node\": true,\n        };\n      };\n\n      // This populates repl.context.{module,require} by evaluating the\n      // module defined above.\n      Package.modules.meteorInstall(toBeInstalled)(\"./\" + shellModuleName);\n    }\n\n    repl.context.repl = repl;\n\n    // Some improvements to the existing help messages.\n    function addHelp(cmd, helpText) {\n      var info = repl.commands[cmd] || repl.commands[\".\" + cmd];\n      if (info) {\n        info.help = helpText;\n      }\n    }\n    addHelp(\"break\", \"Terminate current command input and display new prompt\");\n    addHelp(\"exit\", \"Disconnect from server and leave shell\");\n    addHelp(\"help\", \"Show this help information\");\n\n    // When the REPL exits, signal the attached client to exit by sending it\n    // the special EXITING_MESSAGE.\n    repl.on(\"exit\", function() {\n      if (options.output) {\n        options.output.write(EXITING_MESSAGE + \"\\n\");\n        options.output.end();\n      }\n    });\n\n    // When the server process exits, end the output stream but do not\n    // signal the attached client to exit.\n    process.on(\"exit\", function() {\n      if (options.output) {\n        options.output.end();\n      }\n    });\n\n    // This Meteor-specific shell command rebuilds the application as if a\n    // change was made to server code.\n    repl.defineCommand(\"reload\", {\n      help: \"Restart the server and the shell\",\n      action: function() {\n        process.exit(0);\n      }\n    });\n\n    // Trigger one recoverable error using the default eval function, just\n    // to capture the Recoverable error constructor, so that our custom\n    // evalCommand function can wrap recoverable errors properly.\n    repl.eval(\n      \"{\", null, \"<meteor shell>\",\n      function (error) {\n        // Capture the Recoverable error constructor.\n        repl._RecoverableError = error && error.constructor;\n\n        // Now set repl.eval to the actual evalCommand function that we want\n        // to use, bound to repl._domain if necessary.\n        repl.eval = repl._domain\n          ? repl._domain.bind(evalCommand)\n          : evalCommand;\n\n        // Terminate the partial evaluation of the { command.\n        repl.commands[\"break\"].action.call(repl);\n      }\n    );\n  }\n\n  // This function allows a persistent history of shell commands to be saved\n  // to and loaded from .meteor/local/shell-history.\n  initializeHistory() {\n    var self = this;\n    var rli = self.repl.rli;\n    var historyFile = getHistoryFile(self.shellDir);\n    var historyFd = fs.openSync(historyFile, \"a+\");\n    var historyLines = fs.readFileSync(historyFile, \"utf8\").split(\"\\n\");\n    var seenLines = Object.create(null);\n\n    if (! rli.history) {\n      rli.history = [];\n      rli.historyIndex = -1;\n    }\n\n    while (rli.history && historyLines.length > 0) {\n      var line = historyLines.pop();\n      if (line && /\\S/.test(line) && ! seenLines[line]) {\n        rli.history.push(line);\n        seenLines[line] = true;\n      }\n    }\n\n    rli.addListener(\"line\", function(line) {\n      if (historyFd >= 0 && /\\S/.test(line)) {\n        fs.writeSync(historyFd, line + \"\\n\");\n      }\n    });\n\n    self.repl.on(\"exit\", function() {\n      fs.closeSync(historyFd);\n      historyFd = -1;\n    });\n  }\n}\n\nfunction readJSONFromStream(inputStream, callback) {\n  var outputStream = new stream.PassThrough;\n  var dataSoFar = \"\";\n\n  function onData(buffer) {\n    var lines = buffer.toString(\"utf8\").split(\"\\n\");\n\n    while (lines.length > 0) {\n      dataSoFar += lines.shift();\n\n      try {\n        var json = JSON.parse(dataSoFar);\n      } catch (error) {\n        if (error instanceof SyntaxError) {\n          continue;\n        }\n\n        return finish(error);\n      }\n\n      if (lines.length > 0) {\n        outputStream.write(lines.join(\"\\n\"));\n      }\n\n      inputStream.pipe(outputStream);\n\n      return finish(null, json);\n    }\n  }\n\n  function onClose() {\n    finish(new Error(\"stream unexpectedly closed\"));\n  }\n\n  var finished = false;\n  function finish(error, json) {\n    if (! finished) {\n      finished = true;\n      inputStream.removeListener(\"data\", onData);\n      inputStream.removeListener(\"error\", finish);\n      inputStream.removeListener(\"close\", onClose);\n      callback(error, json, outputStream);\n    }\n  }\n\n  inputStream.on(\"data\", onData);\n  inputStream.on(\"error\", finish);\n  inputStream.on(\"close\", onClose);\n}\n\nfunction getInfoFile(shellDir) {\n  return path.join(shellDir, \"info.json\");\n}\n\nfunction getHistoryFile(shellDir) {\n  return path.join(shellDir, \"history\");\n}\n\n// Shell commands need to be executed in a Fiber in case they call into\n// code that yields. Using a Promise is an even better idea, since it runs\n// its callbacks in Fibers drawn from a pool, so the Fibers are recycled.\nvar evalCommandPromise = Promise.resolve();\n\nfunction evalCommand(command, context, filename, callback) {\n  var repl = this;\n\n  function finish(error, result) {\n    if (error) {\n      if (repl._RecoverableError &&\n          isRecoverableError(error, repl)) {\n        callback(new repl._RecoverableError(error));\n      } else {\n        callback(error);\n      }\n    } else {\n      callback(null, result);\n    }\n  }\n\n  if (Package.ecmascript) {\n    var noParens = stripParens(command);\n    if (noParens !== command) {\n      var classMatch = /^\\s*class\\s+(\\w+)/.exec(noParens);\n      if (classMatch && classMatch[1] !== \"extends\") {\n        // If the command looks like a named ES2015 class, we remove the\n        // extra layer of parentheses added by the REPL so that the\n        // command will be evaluated as a class declaration rather than as\n        // a named class expression. Note that you can still type (class A\n        // {}) explicitly to evaluate a named class expression. The REPL\n        // code that calls evalCommand handles named function expressions\n        // similarly (first with and then without parentheses), but that\n        // code doesn't know about ES2015 classes, which is why we have to\n        // handle them here.\n        command = noParens;\n      }\n    }\n\n    try {\n      command = Package.ecmascript.ECMAScript.compileForShell(command);\n    } catch (error) {\n      finish(error);\n      return;\n    }\n  }\n\n  try {\n    var script = new vm.Script(command, {\n      filename: filename,\n      displayErrors: false\n    });\n  } catch (parseError) {\n    finish(parseError);\n    return;\n  }\n\n  evalCommandPromise.then(function () {\n    finish(null, script.runInThisContext());\n  }).catch(finish);\n}\n\nfunction stripParens(command) {\n  if (command.charAt(0) === \"(\" &&\n      command.charAt(command.length - 1) === \")\") {\n    return command.slice(1, command.length - 1);\n  }\n  return command;\n}\n\n// The bailOnIllegalToken and isRecoverableError functions are taken from\n// https://github.com/nodejs/node/blob/c9e670ea2a/lib/repl.js#L1227-L1253\nfunction bailOnIllegalToken(parser) {\n  return parser._literal === null &&\n    ! parser.blockComment &&\n    ! parser.regExpLiteral;\n}\n\n// If the error is that we've unexpectedly ended the input,\n// then let the user try to recover by adding more input.\nfunction isRecoverableError(e, repl) {\n  if (e && e.name === 'SyntaxError') {\n    var message = e.message;\n    if (message === 'Unterminated template literal' ||\n        message === 'Missing } in template expression') {\n      repl._inTemplateLiteral = true;\n      return true;\n    }\n\n    if (message.startsWith('Unexpected end of input') ||\n        message.startsWith('missing ) after argument list') ||\n        message.startsWith('Unexpected token')) {\n      return true;\n    }\n\n    if (message === 'Invalid or unexpected token') {\n      return ! bailOnIllegalToken(repl.lineParser);\n    }\n  }\n\n  return false;\n}\n"]},"hash":"6ce087c0e26284ea76b93271fe9e416dd4b0ccd2"}
