{"metadata":{"usedHelpers":[],"marked":[],"modules":{"imports":[],"exports":{"exported":[],"specifiers":[]}}},"options":{"filename":"/packages/mongo/collection.js","filenameRelative":"/packages/mongo/collection.js","env":{"development":{"plugins":[]}},"retainLines":false,"highlightCode":true,"suppressDeprecationMessages":false,"presets":[],"plugins":[[[],{"polyfill":false}],[[],null],[[],null],[[],{"allowTopLevelThis":true,"strict":false,"loose":true}],[[],null],[[],null],[[],null],[[],null],[[],null],[[],null],[[],null],[[],null],[[],null],[[],null],[[],null],[[],null],[[],null],[[],{"loose":true}],[[],{"loose":true}],[[],null],[[],{"loose":true}],[[],null],[[],null],[[],null],[[],null],[[],null],[[],null],[[],{"loose":true}],[[],null],[[],null],[[],null],[[],null],[[],null],[[],null],[[],null]],"ignore":[],"code":true,"metadata":true,"ast":false,"comments":true,"compact":false,"minified":false,"sourceMap":true,"sourceMaps":true,"sourceMapTarget":"/packages/mongo/collection.js.map","sourceFileName":"/packages/mongo/collection.js","babelrc":false,"sourceType":"module","moduleIds":false,"passPerPreset":false,"parserOpts":false,"generatorOpts":false,"basename":"collection"},"ignored":false,"code":"// options.connection, if given, is a LivedataClient or LivedataServer\n// XXX presently there is no way to destroy/clean up a Collection\n/**\n * @summary Namespace for MongoDB-related items\n * @namespace\n */Mongo = {}; /**\n                * @summary Constructor for a Collection\n                * @locus Anywhere\n                * @instancename collection\n                * @class\n                * @param {String} name The name of the collection.  If null, creates an unmanaged (unsynchronized) local collection.\n                * @param {Object} [options]\n                * @param {Object} options.connection The server connection that will manage this collection. Uses the default connection if not specified.  Pass the return value of calling [`DDP.connect`](#ddp_connect) to specify a different server. Pass `null` to specify no connection. Unmanaged (`name` is null) collections cannot specify a connection.\n                * @param {String} options.idGeneration The method of generating the `_id` fields of new documents in this collection.  Possible values:\n               \n                - **`'STRING'`**: random strings\n                - **`'MONGO'`**:  random [`Mongo.ObjectID`](#mongo_object_id) values\n               \n               The default id generation technique is `'STRING'`.\n                * @param {Function} options.transform An optional transformation function. Documents will be passed through this function before being returned from `fetch` or `findOne`, and before being passed to callbacks of `observe`, `map`, `forEach`, `allow`, and `deny`. Transforms are *not* applied for the callbacks of `observeChanges` or to cursors returned from publish functions.\n                * @param {Boolean} options.defineMutationMethods Set to `false` to skip setting up the mutation methods that enable insert/update/remove from client code. Default `true`.\n                */\n\nMongo.Collection = function (name, options) {\n  var self = this;\n  if (!(self instanceof Mongo.Collection)) throw new Error('use \"new\" to construct a Mongo.Collection');\n\n  if (!name && name !== null) {\n    Meteor._debug(\"Warning: creating anonymous collection. It will not be \" + \"saved or synchronized over the network. (Pass null for \" + \"the collection name to turn off this warning.)\");\n\n    name = null;\n  }\n\n  if (name !== null && typeof name !== \"string\") {\n    throw new Error(\"First argument to new Mongo.Collection must be a string or null\");\n  }\n\n  if (options && options.methods) {\n    // Backwards compatibility hack with original signature (which passed\n    // \"connection\" directly instead of in options. (Connections must have a \"methods\"\n    // method.)\n    // XXX remove before 1.0\n    options = {\n      connection: options\n    };\n  } // Backwards compatibility: \"connection\" used to be called \"manager\".\n\n\n  if (options && options.manager && !options.connection) {\n    options.connection = options.manager;\n  }\n\n  options = _.extend({\n    connection: undefined,\n    idGeneration: 'STRING',\n    transform: null,\n    _driver: undefined,\n    _preventAutopublish: false\n  }, options);\n\n  switch (options.idGeneration) {\n    case 'MONGO':\n      self._makeNewID = function () {\n        var src = name ? DDP.randomStream('/collection/' + name) : Random.insecure;\n        return new Mongo.ObjectID(src.hexString(24));\n      };\n\n      break;\n\n    case 'STRING':\n    default:\n      self._makeNewID = function () {\n        var src = name ? DDP.randomStream('/collection/' + name) : Random.insecure;\n        return src.id();\n      };\n\n      break;\n  }\n\n  self._transform = LocalCollection.wrapTransform(options.transform);\n  if (!name || options.connection === null) // note: nameless collections never have a connection\n    self._connection = null;else if (options.connection) self._connection = options.connection;else if (Meteor.isClient) self._connection = Meteor.connection;else self._connection = Meteor.server;\n\n  if (!options._driver) {\n    // XXX This check assumes that webapp is loaded so that Meteor.server !==\n    // null. We should fully support the case of \"want to use a Mongo-backed\n    // collection from Node code without webapp\", but we don't yet.\n    // #MeteorServerNull\n    if (name && self._connection === Meteor.server && typeof MongoInternals !== \"undefined\" && MongoInternals.defaultRemoteCollectionDriver) {\n      options._driver = MongoInternals.defaultRemoteCollectionDriver();\n    } else {\n      options._driver = LocalCollectionDriver;\n    }\n  }\n\n  self._collection = options._driver.open(name, self._connection);\n  self._name = name;\n  self._driver = options._driver;\n\n  if (self._connection && self._connection.registerStore) {\n    // OK, we're going to be a slave, replicating some remote\n    // database, except possibly with some temporary divergence while\n    // we have unacknowledged RPC's.\n    var ok = self._connection.registerStore(name, {\n      // Called at the beginning of a batch of updates. batchSize is the number\n      // of update calls to expect.\n      //\n      // XXX This interface is pretty janky. reset probably ought to go back to\n      // being its own function, and callers shouldn't have to calculate\n      // batchSize. The optimization of not calling pause/remove should be\n      // delayed until later: the first call to update() should buffer its\n      // message, and then we can either directly apply it at endUpdate time if\n      // it was the only update, or do pauseObservers/apply/apply at the next\n      // update() if there's another one.\n      beginUpdate: function (batchSize, reset) {\n        // pause observers so users don't see flicker when updating several\n        // objects at once (including the post-reconnect reset-and-reapply\n        // stage), and so that a re-sorting of a query can take advantage of the\n        // full _diffQuery moved calculation instead of applying change one at a\n        // time.\n        if (batchSize > 1 || reset) self._collection.pauseObservers();\n        if (reset) self._collection.remove({});\n      },\n      // Apply an update.\n      // XXX better specify this interface (not in terms of a wire message)?\n      update: function (msg) {\n        var mongoId = MongoID.idParse(msg.id);\n\n        var doc = self._collection.findOne(mongoId); // Is this a \"replace the whole doc\" message coming from the quiescence\n        // of method writes to an object? (Note that 'undefined' is a valid\n        // value meaning \"remove it\".)\n\n\n        if (msg.msg === 'replace') {\n          var replace = msg.replace;\n\n          if (!replace) {\n            if (doc) self._collection.remove(mongoId);\n          } else if (!doc) {\n            self._collection.insert(replace);\n          } else {\n            // XXX check that replace has no $ ops\n            self._collection.update(mongoId, replace);\n          }\n\n          return;\n        } else if (msg.msg === 'added') {\n          if (doc) {\n            throw new Error(\"Expected not to find a document already present for an add\");\n          }\n\n          self._collection.insert(_.extend({\n            _id: mongoId\n          }, msg.fields));\n        } else if (msg.msg === 'removed') {\n          if (!doc) throw new Error(\"Expected to find a document already present for removed\");\n\n          self._collection.remove(mongoId);\n        } else if (msg.msg === 'changed') {\n          if (!doc) throw new Error(\"Expected to find a document to change\");\n\n          if (!_.isEmpty(msg.fields)) {\n            var modifier = {};\n\n            _.each(msg.fields, function (value, key) {\n              if (value === undefined) {\n                if (!modifier.$unset) modifier.$unset = {};\n                modifier.$unset[key] = 1;\n              } else {\n                if (!modifier.$set) modifier.$set = {};\n                modifier.$set[key] = value;\n              }\n            });\n\n            self._collection.update(mongoId, modifier);\n          }\n        } else {\n          throw new Error(\"I don't know how to deal with this message\");\n        }\n      },\n      // Called at the end of a batch of updates.\n      endUpdate: function () {\n        self._collection.resumeObservers();\n      },\n      // Called around method stub invocations to capture the original versions\n      // of modified documents.\n      saveOriginals: function () {\n        self._collection.saveOriginals();\n      },\n      retrieveOriginals: function () {\n        return self._collection.retrieveOriginals();\n      },\n      // Used to preserve current versions of documents across a store reset.\n      getDoc: function (id) {\n        return self.findOne(id);\n      },\n      // To be able to get back to the collection from the store.\n      _getCollection: function () {\n        return self;\n      }\n    });\n\n    if (!ok) {\n      var message = \"There is already a collection named \\\"\" + name + \"\\\"\";\n\n      if (options._suppressSameNameError === true) {\n        // XXX In theory we do not have to throw when `ok` is falsy. The store is already defined\n        // for this collection name, but this will simply be another reference to it and everything\n        // should work. However, we have historically thrown an error here, so for now we will\n        // skip the error only when `_suppressSameNameError` is `true`, allowing people to opt in\n        // and give this some real world testing.\n        console.warn ? console.warn(message) : console.log(message);\n      } else {\n        throw new Error(message);\n      }\n    }\n  } // XXX don't define these until allow or deny is actually used for this\n  // collection. Could be hard if the security rules are only defined on the\n  // server.\n\n\n  if (options.defineMutationMethods !== false) {\n    try {\n      self._defineMutationMethods({\n        useExisting: options._suppressSameNameError === true\n      });\n    } catch (error) {\n      // Throw a more understandable error on the server for same collection name\n      if (error.message === \"A method named '/\" + name + \"/insert' is already defined\") throw new Error(\"There is already a collection named \\\"\" + name + \"\\\"\");\n      throw error;\n    }\n  } // autopublish\n\n\n  if (Package.autopublish && !options._preventAutopublish && self._connection && self._connection.publish) {\n    self._connection.publish(null, function () {\n      return self.find();\n    }, {\n      is_auto: true\n    });\n  }\n}; ///\n/// Main collection API\n///\n\n\n_.extend(Mongo.Collection.prototype, {\n  _getFindSelector: function (args) {\n    if (args.length == 0) return {};else return args[0];\n  },\n  _getFindOptions: function (args) {\n    var self = this;\n\n    if (args.length < 2) {\n      return {\n        transform: self._transform\n      };\n    } else {\n      check(args[1], Match.Optional(Match.ObjectIncluding({\n        fields: Match.Optional(Match.OneOf(Object, undefined)),\n        sort: Match.Optional(Match.OneOf(Object, Array, Function, undefined)),\n        limit: Match.Optional(Match.OneOf(Number, undefined)),\n        skip: Match.Optional(Match.OneOf(Number, undefined))\n      })));\n      return _.extend({\n        transform: self._transform\n      }, args[1]);\n    }\n  },\n  /**\n   * @summary Find the documents in a collection that match the selector.\n   * @locus Anywhere\n   * @method find\n   * @memberOf Mongo.Collection\n   * @instance\n   * @param {MongoSelector} [selector] A query describing the documents to find\n   * @param {Object} [options]\n   * @param {MongoSortSpecifier} options.sort Sort order (default: natural order)\n   * @param {Number} options.skip Number of results to skip at the beginning\n   * @param {Number} options.limit Maximum number of results to return\n   * @param {MongoFieldSpecifier} options.fields Dictionary of fields to return or exclude.\n   * @param {Boolean} options.reactive (Client only) Default `true`; pass `false` to disable reactivity\n   * @param {Function} options.transform Overrides `transform` on the  [`Collection`](#collections) for this cursor.  Pass `null` to disable transformation.\n   * @param {Boolean} options.disableOplog (Server only) Pass true to disable oplog-tailing on this query. This affects the way server processes calls to `observe` on this query. Disabling the oplog can be useful when working with data that updates in large batches.\n   * @param {Number} options.pollingIntervalMs (Server only) When oplog is disabled (through the use of `disableOplog` or when otherwise not available), the frequency (in milliseconds) of how often to poll this query when observing on the server. Defaults to 10000ms (10 seconds).\n   * @param {Number} options.pollingThrottleMs (Server only) When oplog is disabled (through the use of `disableOplog` or when otherwise not available), the minimum time (in milliseconds) to allow between re-polling when observing on the server. Increasing this will save CPU and mongo load at the expense of slower updates to users. Decreasing this is not recommended. Defaults to 50ms.\n   * @returns {Mongo.Cursor}\n   */find: function () /* selector, options */{\n    // Collection.find() (return all docs) behaves differently\n    // from Collection.find(undefined) (return 0 docs).  so be\n    // careful about the length of arguments.\n    var self = this;\n\n    var argArray = _.toArray(arguments);\n\n    return self._collection.find(self._getFindSelector(argArray), self._getFindOptions(argArray));\n  },\n  /**\n   * @summary Finds the first document that matches the selector, as ordered by sort and skip options. Returns `undefined` if no matching document is found.\n   * @locus Anywhere\n   * @method findOne\n   * @memberOf Mongo.Collection\n   * @instance\n   * @param {MongoSelector} [selector] A query describing the documents to find\n   * @param {Object} [options]\n   * @param {MongoSortSpecifier} options.sort Sort order (default: natural order)\n   * @param {Number} options.skip Number of results to skip at the beginning\n   * @param {MongoFieldSpecifier} options.fields Dictionary of fields to return or exclude.\n   * @param {Boolean} options.reactive (Client only) Default true; pass false to disable reactivity\n   * @param {Function} options.transform Overrides `transform` on the [`Collection`](#collections) for this cursor.  Pass `null` to disable transformation.\n   * @returns {Object}\n   */findOne: function () /* selector, options */{\n    var self = this;\n\n    var argArray = _.toArray(arguments);\n\n    return self._collection.findOne(self._getFindSelector(argArray), self._getFindOptions(argArray));\n  }\n});\n\nMongo.Collection._publishCursor = function (cursor, sub, collection) {\n  var observeHandle = cursor.observeChanges({\n    added: function (id, fields) {\n      sub.added(collection, id, fields);\n    },\n    changed: function (id, fields) {\n      sub.changed(collection, id, fields);\n    },\n    removed: function (id) {\n      sub.removed(collection, id);\n    }\n  }); // We don't call sub.ready() here: it gets called in livedata_server, after\n  // possibly calling _publishCursor on multiple returned cursors.\n  // register stop callback (expects lambda w/ no args).\n\n  sub.onStop(function () {\n    observeHandle.stop();\n  }); // return the observeHandle in case it needs to be stopped early\n\n  return observeHandle;\n}; // protect against dangerous selectors.  falsey and {_id: falsey} are both\n// likely programmer error, and not what you want, particularly for destructive\n// operations.  JS regexps don't serialize over DDP but can be trivially\n// replaced by $regex.\n\n\nMongo.Collection._rewriteSelector = function (selector) {\n  // shorthand -- scalars match _id\n  if (LocalCollection._selectorIsId(selector)) selector = {\n    _id: selector\n  };\n\n  if (_.isArray(selector)) {\n    // This is consistent with the Mongo console itself; if we don't do this\n    // check passing an empty array ends up selecting all items\n    throw new Error(\"Mongo selector can't be an array.\");\n  }\n\n  if (!selector || '_id' in selector && !selector._id) // can't match anything\n    return {\n      _id: Random.id()\n    };\n  var ret = {};\n\n  _.each(selector, function (value, key) {\n    // Mongo supports both {field: /foo/} and {field: {$regex: /foo/}}\n    if (value instanceof RegExp) {\n      ret[key] = convertRegexpToMongoSelector(value);\n    } else if (value && value.$regex instanceof RegExp) {\n      ret[key] = convertRegexpToMongoSelector(value.$regex); // if value is {$regex: /foo/, $options: ...} then $options\n      // override the ones set on $regex.\n\n      if (value.$options !== undefined) ret[key].$options = value.$options;\n    } else if (_.contains(['$or', '$and', '$nor'], key)) {\n      // Translate lower levels of $and/$or/$nor\n      ret[key] = _.map(value, function (v) {\n        return Mongo.Collection._rewriteSelector(v);\n      });\n    } else {\n      ret[key] = value;\n    }\n  });\n\n  return ret;\n}; // convert a JS RegExp object to a Mongo {$regex: ..., $options: ...}\n// selector\n\n\nfunction convertRegexpToMongoSelector(regexp) {\n  check(regexp, RegExp); // safety belt\n\n  var selector = {\n    $regex: regexp.source\n  };\n  var regexOptions = ''; // JS RegExp objects support 'i', 'm', and 'g'. Mongo regex $options\n  // support 'i', 'm', 'x', and 's'. So we support 'i' and 'm' here.\n\n  if (regexp.ignoreCase) regexOptions += 'i';\n  if (regexp.multiline) regexOptions += 'm';\n  if (regexOptions) selector.$options = regexOptions;\n  return selector;\n} // 'insert' immediately returns the inserted document's new _id.\n// The others return values immediately if you are in a stub, an in-memory\n// unmanaged collection, or a mongo-backed collection and you don't pass a\n// callback. 'update' and 'remove' return the number of affected\n// documents. 'upsert' returns an object with keys 'numberAffected' and, if an\n// insert happened, 'insertedId'.\n//\n// Otherwise, the semantics are exactly like other methods: they take\n// a callback as an optional last argument; if no callback is\n// provided, they block until the operation is complete, and throw an\n// exception if it fails; if a callback is provided, then they don't\n// necessarily block, and they call the callback when they finish with error and\n// result arguments.  (The insert method provides the document ID as its result;\n// update and remove provide the number of affected docs as the result; upsert\n// provides an object with numberAffected and maybe insertedId.)\n//\n// On the client, blocking is impossible, so if a callback\n// isn't provided, they just return immediately and any error\n// information is lost.\n//\n// There's one more tweak. On the client, if you don't provide a\n// callback, then if there is an error, a message will be logged with\n// Meteor._debug.\n//\n// The intent (though this is actually determined by the underlying\n// drivers) is that the operations should be done synchronously, not\n// generating their result until the database has acknowledged\n// them. In the future maybe we should provide a flag to turn this\n// off.\n/**\n * @summary Insert a document in the collection.  Returns its unique _id.\n * @locus Anywhere\n * @method  insert\n * @memberOf Mongo.Collection\n * @instance\n * @param {Object} doc The document to insert. May not yet have an _id attribute, in which case Meteor will generate one for you.\n * @param {Function} [callback] Optional.  If present, called with an error object as the first argument and, if no error, the _id as the second.\n */\n\nMongo.Collection.prototype.insert = function () {\n  function insert(doc, callback) {\n    // Make sure we were passed a document to insert\n    if (!doc) {\n      throw new Error(\"insert requires an argument\");\n    } // Shallow-copy the document and possibly generate an ID\n\n\n    doc = _.extend({}, doc);\n\n    if ('_id' in doc) {\n      if (!doc._id || !(typeof doc._id === 'string' || doc._id instanceof Mongo.ObjectID)) {\n        throw new Error(\"Meteor requires document _id fields to be non-empty strings or ObjectIDs\");\n      }\n    } else {\n      var generateId = true; // Don't generate the id if we're the client and the 'outermost' call\n      // This optimization saves us passing both the randomSeed and the id\n      // Passing both is redundant.\n\n      if (this._isRemoteCollection()) {\n        var enclosing = DDP._CurrentInvocation.get();\n\n        if (!enclosing) {\n          generateId = false;\n        }\n      }\n\n      if (generateId) {\n        doc._id = this._makeNewID();\n      }\n    } // On inserts, always return the id that we generated; on all other\n    // operations, just return the result from the collection.\n\n\n    var chooseReturnValueFromCollectionResult = function (result) {\n      if (doc._id) {\n        return doc._id;\n      } // XXX what is this for??\n      // It's some iteraction between the callback to _callMutatorMethod and\n      // the return value conversion\n\n\n      doc._id = result;\n      return result;\n    };\n\n    var wrappedCallback = wrapCallback(callback, chooseReturnValueFromCollectionResult);\n\n    if (this._isRemoteCollection()) {\n      var result = this._callMutatorMethod(\"insert\", [doc], wrappedCallback);\n\n      return chooseReturnValueFromCollectionResult(result);\n    } // it's my collection.  descend into the collection object\n    // and propagate any exception.\n\n\n    try {\n      // If the user provided a callback and the collection implements this\n      // operation asynchronously, then queryRet will be undefined, and the\n      // result will be returned through the callback instead.\n      var _result = this._collection.insert(doc, wrappedCallback);\n\n      return chooseReturnValueFromCollectionResult(_result);\n    } catch (e) {\n      if (callback) {\n        callback(e);\n        return null;\n      }\n\n      throw e;\n    }\n  }\n\n  return insert;\n}(); /**\n      * @summary Modify one or more documents in the collection. Returns the number of matched documents.\n      * @locus Anywhere\n      * @method update\n      * @memberOf Mongo.Collection\n      * @instance\n      * @param {MongoSelector} selector Specifies which documents to modify\n      * @param {MongoModifier} modifier Specifies how to modify the documents\n      * @param {Object} [options]\n      * @param {Boolean} options.multi True to modify all matching documents; false to only modify one of the matching documents (the default).\n      * @param {Boolean} options.upsert True to insert a document if no matching documents are found.\n      * @param {Function} [callback] Optional.  If present, called with an error object as the first argument and, if no error, the number of affected documents as the second.\n      */\n\nMongo.Collection.prototype.update = function () {\n  function update(selector, modifier) {\n    for (var _len = arguments.length, optionsAndCallback = Array(_len > 2 ? _len - 2 : 0), _key = 2; _key < _len; _key++) {\n      optionsAndCallback[_key - 2] = arguments[_key];\n    }\n\n    var callback = popCallbackFromArgs(optionsAndCallback);\n    selector = Mongo.Collection._rewriteSelector(selector); // We've already popped off the callback, so we are left with an array\n    // of one or zero items\n\n    var options = _.clone(optionsAndCallback[0]) || {};\n\n    if (options && options.upsert) {\n      // set `insertedId` if absent.  `insertedId` is a Meteor extension.\n      if (options.insertedId) {\n        if (!(typeof options.insertedId === 'string' || options.insertedId instanceof Mongo.ObjectID)) throw new Error(\"insertedId must be string or ObjectID\");\n      } else if (!selector._id) {\n        options.insertedId = this._makeNewID();\n      }\n    }\n\n    var wrappedCallback = wrapCallback(callback);\n\n    if (this._isRemoteCollection()) {\n      var args = [selector, modifier, options];\n      return this._callMutatorMethod(\"update\", args, wrappedCallback);\n    } // it's my collection.  descend into the collection object\n    // and propagate any exception.\n\n\n    try {\n      // If the user provided a callback and the collection implements this\n      // operation asynchronously, then queryRet will be undefined, and the\n      // result will be returned through the callback instead.\n      return this._collection.update(selector, modifier, options, wrappedCallback);\n    } catch (e) {\n      if (callback) {\n        callback(e);\n        return null;\n      }\n\n      throw e;\n    }\n  }\n\n  return update;\n}(); /**\n      * @summary Remove documents from the collection\n      * @locus Anywhere\n      * @method remove\n      * @memberOf Mongo.Collection\n      * @instance\n      * @param {MongoSelector} selector Specifies which documents to remove\n      * @param {Function} [callback] Optional.  If present, called with an error object as its argument.\n      */\n\nMongo.Collection.prototype.remove = function () {\n  function remove(selector, callback) {\n    selector = Mongo.Collection._rewriteSelector(selector);\n    var wrappedCallback = wrapCallback(callback);\n\n    if (this._isRemoteCollection()) {\n      return this._callMutatorMethod(\"remove\", [selector], wrappedCallback);\n    } // it's my collection.  descend into the collection object\n    // and propagate any exception.\n\n\n    try {\n      // If the user provided a callback and the collection implements this\n      // operation asynchronously, then queryRet will be undefined, and the\n      // result will be returned through the callback instead.\n      return this._collection.remove(selector, wrappedCallback);\n    } catch (e) {\n      if (callback) {\n        callback(e);\n        return null;\n      }\n\n      throw e;\n    }\n  }\n\n  return remove;\n}(); // Determine if this collection is simply a minimongo representation of a real\n// database on another server\n\n\nMongo.Collection.prototype._isRemoteCollection = function () {\n  function _isRemoteCollection() {\n    // XXX see #MeteorServerNull\n    return this._connection && this._connection !== Meteor.server;\n  }\n\n  return _isRemoteCollection;\n}(); // Convert the callback to not return a result if there is an error\n\n\nfunction wrapCallback(callback, convertResult) {\n  if (!callback) {\n    return;\n  } // If no convert function was passed in, just use a \"blank function\"\n\n\n  convertResult = convertResult || _.identity;\n  return function (error, result) {\n    callback(error, !error && convertResult(result));\n  };\n} /**\n   * @summary Modify one or more documents in the collection, or insert one if no matching documents were found. Returns an object with keys `numberAffected` (the number of documents modified)  and `insertedId` (the unique _id of the document that was inserted, if any).\n   * @locus Anywhere\n   * @param {MongoSelector} selector Specifies which documents to modify\n   * @param {MongoModifier} modifier Specifies how to modify the documents\n   * @param {Object} [options]\n   * @param {Boolean} options.multi True to modify all matching documents; false to only modify one of the matching documents (the default).\n   * @param {Function} [callback] Optional.  If present, called with an error object as the first argument and, if no error, the number of affected documents as the second.\n   */\n\nMongo.Collection.prototype.upsert = function () {\n  function upsert(selector, modifier, options, callback) {\n    if (!callback && typeof options === \"function\") {\n      callback = options;\n      options = {};\n    }\n\n    var updateOptions = _.extend({}, options, {\n      _returnObject: true,\n      upsert: true\n    });\n\n    return this.update(selector, modifier, updateOptions, callback);\n  }\n\n  return upsert;\n}(); // We'll actually design an index API later. For now, we just pass through to\n// Mongo's, but make it synchronous.\n\n\nMongo.Collection.prototype._ensureIndex = function (index, options) {\n  var self = this;\n  if (!self._collection._ensureIndex) throw new Error(\"Can only call _ensureIndex on server collections\");\n\n  self._collection._ensureIndex(index, options);\n};\n\nMongo.Collection.prototype._dropIndex = function (index) {\n  var self = this;\n  if (!self._collection._dropIndex) throw new Error(\"Can only call _dropIndex on server collections\");\n\n  self._collection._dropIndex(index);\n};\n\nMongo.Collection.prototype._dropCollection = function () {\n  var self = this;\n  if (!self._collection.dropCollection) throw new Error(\"Can only call _dropCollection on server collections\");\n\n  self._collection.dropCollection();\n};\n\nMongo.Collection.prototype._createCappedCollection = function (byteSize, maxDocuments) {\n  var self = this;\n  if (!self._collection._createCappedCollection) throw new Error(\"Can only call _createCappedCollection on server collections\");\n\n  self._collection._createCappedCollection(byteSize, maxDocuments);\n}; /**\n    * @summary Returns the [`Collection`](http://mongodb.github.io/node-mongodb-native/2.2/api/Collection.html) object corresponding to this collection from the [npm `mongodb` driver module](https://www.npmjs.com/package/mongodb) which is wrapped by `Mongo.Collection`.\n    * @locus Server\n    */\n\nMongo.Collection.prototype.rawCollection = function () {\n  var self = this;\n\n  if (!self._collection.rawCollection) {\n    throw new Error(\"Can only call rawCollection on server collections\");\n  }\n\n  return self._collection.rawCollection();\n}; /**\n    * @summary Returns the [`Db`](http://mongodb.github.io/node-mongodb-native/2.2/api/Db.html) object corresponding to this collection's database connection from the [npm `mongodb` driver module](https://www.npmjs.com/package/mongodb) which is wrapped by `Mongo.Collection`.\n    * @locus Server\n    */\n\nMongo.Collection.prototype.rawDatabase = function () {\n  var self = this;\n\n  if (!(self._driver.mongo && self._driver.mongo.db)) {\n    throw new Error(\"Can only call rawDatabase on server collections\");\n  }\n\n  return self._driver.mongo.db;\n}; /**\n    * @summary Create a Mongo-style `ObjectID`.  If you don't specify a `hexString`, the `ObjectID` will generated randomly (not using MongoDB's ID construction rules).\n    * @locus Anywhere\n    * @class\n    * @param {String} [hexString] Optional.  The 24-character hexadecimal contents of the ObjectID to create\n    */\n\nMongo.ObjectID = MongoID.ObjectID; /**\n                                    * @summary To create a cursor, use find. To access the documents in a cursor, use forEach, map, or fetch.\n                                    * @class\n                                    * @instanceName cursor\n                                    */\nMongo.Cursor = LocalCollection.Cursor; /**\n                                        * @deprecated in 0.9.1\n                                        */\nMongo.Collection.Cursor = Mongo.Cursor; /**\n                                         * @deprecated in 0.9.1\n                                         */\nMongo.Collection.ObjectID = Mongo.ObjectID; /**\n                                             * @deprecated in 0.9.1\n                                             */\nMeteor.Collection = Mongo.Collection; // Allow deny stuff is now in the allow-deny package\n\n_.extend(Meteor.Collection.prototype, AllowDeny.CollectionPrototype);\n\nfunction popCallbackFromArgs(args) {\n  // Pull off any callback (or perhaps a 'callback' variable that was passed\n  // in undefined, like how 'upsert' does it).\n  if (args.length && (args[args.length - 1] === undefined || args[args.length - 1] instanceof Function)) {\n    return args.pop();\n  }\n}","ast":null,"map":{"version":3,"sources":["/packages/mongo/collection.js"],"names":["Mongo","Collection","name","options","self","Error","Meteor","_debug","methods","connection","manager","_","extend","undefined","idGeneration","transform","_driver","_preventAutopublish","_makeNewID","src","DDP","randomStream","Random","insecure","ObjectID","hexString","id","_transform","LocalCollection","wrapTransform","_connection","isClient","server","MongoInternals","defaultRemoteCollectionDriver","LocalCollectionDriver","_collection","open","_name","registerStore","ok","beginUpdate","batchSize","reset","pauseObservers","remove","update","msg","mongoId","MongoID","idParse","doc","findOne","replace","insert","_id","fields","isEmpty","modifier","each","value","key","$unset","$set","endUpdate","resumeObservers","saveOriginals","retrieveOriginals","getDoc","_getCollection","message","_suppressSameNameError","console","warn","log","defineMutationMethods","_defineMutationMethods","useExisting","error","Package","autopublish","publish","find","is_auto","prototype","_getFindSelector","args","length","_getFindOptions","check","Match","Optional","ObjectIncluding","OneOf","Object","sort","Array","Function","limit","Number","skip","argArray","toArray","arguments","_publishCursor","cursor","sub","collection","observeHandle","observeChanges","added","changed","removed","onStop","stop","_rewriteSelector","selector","_selectorIsId","isArray","ret","RegExp","convertRegexpToMongoSelector","$regex","$options","contains","map","v","regexp","source","regexOptions","ignoreCase","multiline","callback","generateId","_isRemoteCollection","enclosing","_CurrentInvocation","get","chooseReturnValueFromCollectionResult","result","wrappedCallback","wrapCallback","_callMutatorMethod","e","optionsAndCallback","popCallbackFromArgs","clone","upsert","insertedId","convertResult","identity","updateOptions","_returnObject","_ensureIndex","index","_dropIndex","_dropCollection","dropCollection","_createCappedCollection","byteSize","maxDocuments","rawCollection","rawDatabase","mongo","db","Cursor","AllowDeny","CollectionPrototype","pop"],"mappings":"AAAA;AACA;AAEA;;;GAIAA,QAAQ,EAAR,C,CAEA;;;;;;;;;;;;;;;;;;AAiBAA,MAAMC,UAAN,GAAmB,UAAUC,IAAV,EAAgBC,OAAhB,EAAyB;AAC1C,MAAIC,OAAO,IAAX;AACA,MAAI,EAAGA,gBAAgBJ,MAAMC,UAAzB,CAAJ,EACE,MAAM,IAAII,KAAJ,CAAU,2CAAV,CAAN;;AAEF,MAAI,CAACH,IAAD,IAAUA,SAAS,IAAvB,EAA8B;AAC5BI,WAAOC,MAAP,CAAc,4DACA,yDADA,GAEA,gDAFd;;AAGAL,WAAO,IAAP;AACD;;AAED,MAAIA,SAAS,IAAT,IAAiB,OAAOA,IAAP,KAAgB,QAArC,EAA+C;AAC7C,UAAM,IAAIG,KAAJ,CACJ,iEADI,CAAN;AAED;;AAED,MAAIF,WAAWA,QAAQK,OAAvB,EAAgC;AAC9B;AACA;AACA;AACA;AACAL,cAAU;AAACM,kBAAYN;AAAb,KAAV;AACD,GAvByC,CAwB1C;;;AACA,MAAIA,WAAWA,QAAQO,OAAnB,IAA8B,CAACP,QAAQM,UAA3C,EAAuD;AACrDN,YAAQM,UAAR,GAAqBN,QAAQO,OAA7B;AACD;;AACDP,YAAUQ,EAAEC,MAAF,CAAS;AACjBH,gBAAYI,SADK;AAEjBC,kBAAc,QAFG;AAGjBC,eAAW,IAHM;AAIjBC,aAASH,SAJQ;AAKjBI,yBAAqB;AALJ,GAAT,EAMPd,OANO,CAAV;;AAQA,UAAQA,QAAQW,YAAhB;AACA,SAAK,OAAL;AACEV,WAAKc,UAAL,GAAkB,YAAY;AAC5B,YAAIC,MAAMjB,OAAOkB,IAAIC,YAAJ,CAAiB,iBAAiBnB,IAAlC,CAAP,GAAiDoB,OAAOC,QAAlE;AACA,eAAO,IAAIvB,MAAMwB,QAAV,CAAmBL,IAAIM,SAAJ,CAAc,EAAd,CAAnB,CAAP;AACD,OAHD;;AAIA;;AACF,SAAK,QAAL;AACA;AACErB,WAAKc,UAAL,GAAkB,YAAY;AAC5B,YAAIC,MAAMjB,OAAOkB,IAAIC,YAAJ,CAAiB,iBAAiBnB,IAAlC,CAAP,GAAiDoB,OAAOC,QAAlE;AACA,eAAOJ,IAAIO,EAAJ,EAAP;AACD,OAHD;;AAIA;AAbF;;AAgBAtB,OAAKuB,UAAL,GAAkBC,gBAAgBC,aAAhB,CAA8B1B,QAAQY,SAAtC,CAAlB;AAEA,MAAI,CAAEb,IAAF,IAAUC,QAAQM,UAAR,KAAuB,IAArC,EACE;AACAL,SAAK0B,WAAL,GAAmB,IAAnB,CAFF,KAGK,IAAI3B,QAAQM,UAAZ,EACHL,KAAK0B,WAAL,GAAmB3B,QAAQM,UAA3B,CADG,KAEA,IAAIH,OAAOyB,QAAX,EACH3B,KAAK0B,WAAL,GAAmBxB,OAAOG,UAA1B,CADG,KAGHL,KAAK0B,WAAL,GAAmBxB,OAAO0B,MAA1B;;AAEF,MAAI,CAAC7B,QAAQa,OAAb,EAAsB;AACpB;AACA;AACA;AACA;AACA,QAAId,QAAQE,KAAK0B,WAAL,KAAqBxB,OAAO0B,MAApC,IACA,OAAOC,cAAP,KAA0B,WAD1B,IAEAA,eAAeC,6BAFnB,EAEkD;AAChD/B,cAAQa,OAAR,GAAkBiB,eAAeC,6BAAf,EAAlB;AACD,KAJD,MAIO;AACL/B,cAAQa,OAAR,GAAkBmB,qBAAlB;AACD;AACF;;AAED/B,OAAKgC,WAAL,GAAmBjC,QAAQa,OAAR,CAAgBqB,IAAhB,CAAqBnC,IAArB,EAA2BE,KAAK0B,WAAhC,CAAnB;AACA1B,OAAKkC,KAAL,GAAapC,IAAb;AACAE,OAAKY,OAAL,GAAeb,QAAQa,OAAvB;;AAEA,MAAIZ,KAAK0B,WAAL,IAAoB1B,KAAK0B,WAAL,CAAiBS,aAAzC,EAAwD;AACtD;AACA;AACA;AACA,QAAIC,KAAKpC,KAAK0B,WAAL,CAAiBS,aAAjB,CAA+BrC,IAA/B,EAAqC;AAC5C;AACA;AACA;AACA;AACA;AACA;AACA;AACA;AACA;AACA;AACAuC,mBAAa,UAAUC,SAAV,EAAqBC,KAArB,EAA4B;AACvC;AACA;AACA;AACA;AACA;AACA,YAAID,YAAY,CAAZ,IAAiBC,KAArB,EACEvC,KAAKgC,WAAL,CAAiBQ,cAAjB;AAEF,YAAID,KAAJ,EACEvC,KAAKgC,WAAL,CAAiBS,MAAjB,CAAwB,EAAxB;AACH,OAtB2C;AAwB5C;AACA;AACAC,cAAQ,UAAUC,GAAV,EAAe;AACrB,YAAIC,UAAUC,QAAQC,OAAR,CAAgBH,IAAIrB,EAApB,CAAd;;AACA,YAAIyB,MAAM/C,KAAKgC,WAAL,CAAiBgB,OAAjB,CAAyBJ,OAAzB,CAAV,CAFqB,CAIrB;AACA;AACA;;;AACA,YAAID,IAAIA,GAAJ,KAAY,SAAhB,EAA2B;AACzB,cAAIM,UAAUN,IAAIM,OAAlB;;AACA,cAAI,CAACA,OAAL,EAAc;AACZ,gBAAIF,GAAJ,EACE/C,KAAKgC,WAAL,CAAiBS,MAAjB,CAAwBG,OAAxB;AACH,WAHD,MAGO,IAAI,CAACG,GAAL,EAAU;AACf/C,iBAAKgC,WAAL,CAAiBkB,MAAjB,CAAwBD,OAAxB;AACD,WAFM,MAEA;AACL;AACAjD,iBAAKgC,WAAL,CAAiBU,MAAjB,CAAwBE,OAAxB,EAAiCK,OAAjC;AACD;;AACD;AACD,SAZD,MAYO,IAAIN,IAAIA,GAAJ,KAAY,OAAhB,EAAyB;AAC9B,cAAII,GAAJ,EAAS;AACP,kBAAM,IAAI9C,KAAJ,CAAU,4DAAV,CAAN;AACD;;AACDD,eAAKgC,WAAL,CAAiBkB,MAAjB,CAAwB3C,EAAEC,MAAF,CAAS;AAAC2C,iBAAKP;AAAN,WAAT,EAAyBD,IAAIS,MAA7B,CAAxB;AACD,SALM,MAKA,IAAIT,IAAIA,GAAJ,KAAY,SAAhB,EAA2B;AAChC,cAAI,CAACI,GAAL,EACE,MAAM,IAAI9C,KAAJ,CAAU,yDAAV,CAAN;;AACFD,eAAKgC,WAAL,CAAiBS,MAAjB,CAAwBG,OAAxB;AACD,SAJM,MAIA,IAAID,IAAIA,GAAJ,KAAY,SAAhB,EAA2B;AAChC,cAAI,CAACI,GAAL,EACE,MAAM,IAAI9C,KAAJ,CAAU,uCAAV,CAAN;;AACF,cAAI,CAACM,EAAE8C,OAAF,CAAUV,IAAIS,MAAd,CAAL,EAA4B;AAC1B,gBAAIE,WAAW,EAAf;;AACA/C,cAAEgD,IAAF,CAAOZ,IAAIS,MAAX,EAAmB,UAAUI,KAAV,EAAiBC,GAAjB,EAAsB;AACvC,kBAAID,UAAU/C,SAAd,EAAyB;AACvB,oBAAI,CAAC6C,SAASI,MAAd,EACEJ,SAASI,MAAT,GAAkB,EAAlB;AACFJ,yBAASI,MAAT,CAAgBD,GAAhB,IAAuB,CAAvB;AACD,eAJD,MAIO;AACL,oBAAI,CAACH,SAASK,IAAd,EACEL,SAASK,IAAT,GAAgB,EAAhB;AACFL,yBAASK,IAAT,CAAcF,GAAd,IAAqBD,KAArB;AACD;AACF,aAVD;;AAWAxD,iBAAKgC,WAAL,CAAiBU,MAAjB,CAAwBE,OAAxB,EAAiCU,QAAjC;AACD;AACF,SAlBM,MAkBA;AACL,gBAAM,IAAIrD,KAAJ,CAAU,4CAAV,CAAN;AACD;AAEF,OA5E2C;AA8E5C;AACA2D,iBAAW,YAAY;AACrB5D,aAAKgC,WAAL,CAAiB6B,eAAjB;AACD,OAjF2C;AAmF5C;AACA;AACAC,qBAAe,YAAY;AACzB9D,aAAKgC,WAAL,CAAiB8B,aAAjB;AACD,OAvF2C;AAwF5CC,yBAAmB,YAAY;AAC7B,eAAO/D,KAAKgC,WAAL,CAAiB+B,iBAAjB,EAAP;AACD,OA1F2C;AA4F5C;AACAC,cAAQ,UAAS1C,EAAT,EAAa;AACnB,eAAOtB,KAAKgD,OAAL,CAAa1B,EAAb,CAAP;AACD,OA/F2C;AAiG5C;AACA2C,sBAAgB,YAAY;AAC1B,eAAOjE,IAAP;AACD;AApG2C,KAArC,CAAT;;AAuGA,QAAI,CAACoC,EAAL,EAAS;AACP,UAAM8B,qDAAkDpE,IAAlD,OAAN;;AACA,UAAIC,QAAQoE,sBAAR,KAAmC,IAAvC,EAA6C;AAC3C;AACA;AACA;AACA;AACA;AACAC,gBAAQC,IAAR,GAAeD,QAAQC,IAAR,CAAaH,OAAb,CAAf,GAAuCE,QAAQE,GAAR,CAAYJ,OAAZ,CAAvC;AACD,OAPD,MAOO;AACL,cAAM,IAAIjE,KAAJ,CAAUiE,OAAV,CAAN;AACD;AACF;AACF,GA1MyC,CA4M1C;AACA;AACA;;;AACA,MAAInE,QAAQwE,qBAAR,KAAkC,KAAtC,EAA6C;AAC3C,QAAI;AACFvE,WAAKwE,sBAAL,CAA4B;AAAEC,qBAAc1E,QAAQoE,sBAAR,KAAmC;AAAnD,OAA5B;AACD,KAFD,CAEE,OAAOO,KAAP,EAAc;AACd;AACA,UAAIA,MAAMR,OAAN,2BAAsCpE,IAAtC,gCAAJ,EACE,MAAM,IAAIG,KAAJ,4CAAkDH,IAAlD,QAAN;AACF,YAAM4E,KAAN;AACD;AACF,GAxNyC,CA0N1C;;;AACA,MAAIC,QAAQC,WAAR,IAAuB,CAAC7E,QAAQc,mBAAhC,IAAuDb,KAAK0B,WAA5D,IAA2E1B,KAAK0B,WAAL,CAAiBmD,OAAhG,EAAyG;AACvG7E,SAAK0B,WAAL,CAAiBmD,OAAjB,CAAyB,IAAzB,EAA+B,YAAY;AACzC,aAAO7E,KAAK8E,IAAL,EAAP;AACD,KAFD,EAEG;AAACC,eAAS;AAAV,KAFH;AAGD;AACF,CAhOD,C,CAkOA;AACA;AACA;;;AAGAxE,EAAEC,MAAF,CAASZ,MAAMC,UAAN,CAAiBmF,SAA1B,EAAqC;AAEnCC,oBAAkB,UAAUC,IAAV,EAAgB;AAChC,QAAIA,KAAKC,MAAL,IAAe,CAAnB,EACE,OAAO,EAAP,CADF,KAGE,OAAOD,KAAK,CAAL,CAAP;AACH,GAPkC;AASnCE,mBAAiB,UAAUF,IAAV,EAAgB;AAC/B,QAAIlF,OAAO,IAAX;;AACA,QAAIkF,KAAKC,MAAL,GAAc,CAAlB,EAAqB;AACnB,aAAO;AAAExE,mBAAWX,KAAKuB;AAAlB,OAAP;AACD,KAFD,MAEO;AACL8D,YAAMH,KAAK,CAAL,CAAN,EAAeI,MAAMC,QAAN,CAAeD,MAAME,eAAN,CAAsB;AAClDpC,gBAAQkC,MAAMC,QAAN,CAAeD,MAAMG,KAAN,CAAYC,MAAZ,EAAoBjF,SAApB,CAAf,CAD0C;AAElDkF,cAAML,MAAMC,QAAN,CAAeD,MAAMG,KAAN,CAAYC,MAAZ,EAAoBE,KAApB,EAA2BC,QAA3B,EAAqCpF,SAArC,CAAf,CAF4C;AAGlDqF,eAAOR,MAAMC,QAAN,CAAeD,MAAMG,KAAN,CAAYM,MAAZ,EAAoBtF,SAApB,CAAf,CAH2C;AAIlDuF,cAAMV,MAAMC,QAAN,CAAeD,MAAMG,KAAN,CAAYM,MAAZ,EAAoBtF,SAApB,CAAf;AAJ4C,OAAtB,CAAf,CAAf;AAOA,aAAOF,EAAEC,MAAF,CAAS;AACdG,mBAAWX,KAAKuB;AADF,OAAT,EAEJ2D,KAAK,CAAL,CAFI,CAAP;AAGD;AACF,GAzBkC;AA2BnC;;;;;;;;;;;;;;;;;;KAmBAJ,MAAM,YAAU,uBAAyB;AACvC;AACA;AACA;AACA,QAAI9E,OAAO,IAAX;;AACA,QAAIiG,WAAW1F,EAAE2F,OAAF,CAAUC,SAAV,CAAf;;AACA,WAAOnG,KAAKgC,WAAL,CAAiB8C,IAAjB,CAAsB9E,KAAKiF,gBAAL,CAAsBgB,QAAtB,CAAtB,EACsBjG,KAAKoF,eAAL,CAAqBa,QAArB,CADtB,CAAP;AAED,GAtDkC;AAwDnC;;;;;;;;;;;;;;KAeAjD,SAAS,YAAU,uBAAyB;AAC1C,QAAIhD,OAAO,IAAX;;AACA,QAAIiG,WAAW1F,EAAE2F,OAAF,CAAUC,SAAV,CAAf;;AACA,WAAOnG,KAAKgC,WAAL,CAAiBgB,OAAjB,CAAyBhD,KAAKiF,gBAAL,CAAsBgB,QAAtB,CAAzB,EACyBjG,KAAKoF,eAAL,CAAqBa,QAArB,CADzB,CAAP;AAED;AA5EkC,CAArC;;AAgFArG,MAAMC,UAAN,CAAiBuG,cAAjB,GAAkC,UAAUC,MAAV,EAAkBC,GAAlB,EAAuBC,UAAvB,EAAmC;AACnE,MAAIC,gBAAgBH,OAAOI,cAAP,CAAsB;AACxCC,WAAO,UAAUpF,EAAV,EAAc8B,MAAd,EAAsB;AAC3BkD,UAAII,KAAJ,CAAUH,UAAV,EAAsBjF,EAAtB,EAA0B8B,MAA1B;AACD,KAHuC;AAIxCuD,aAAS,UAAUrF,EAAV,EAAc8B,MAAd,EAAsB;AAC7BkD,UAAIK,OAAJ,CAAYJ,UAAZ,EAAwBjF,EAAxB,EAA4B8B,MAA5B;AACD,KANuC;AAOxCwD,aAAS,UAAUtF,EAAV,EAAc;AACrBgF,UAAIM,OAAJ,CAAYL,UAAZ,EAAwBjF,EAAxB;AACD;AATuC,GAAtB,CAApB,CADmE,CAanE;AACA;AAEA;;AACAgF,MAAIO,MAAJ,CAAW,YAAY;AAACL,kBAAcM,IAAd;AAAsB,GAA9C,EAjBmE,CAmBnE;;AACA,SAAON,aAAP;AACD,CArBD,C,CAuBA;AACA;AACA;AACA;;;AACA5G,MAAMC,UAAN,CAAiBkH,gBAAjB,GAAoC,UAAUC,QAAV,EAAoB;AACtD;AACA,MAAIxF,gBAAgByF,aAAhB,CAA8BD,QAA9B,CAAJ,EACEA,WAAW;AAAC7D,SAAK6D;AAAN,GAAX;;AAEF,MAAIzG,EAAE2G,OAAF,CAAUF,QAAV,CAAJ,EAAyB;AACvB;AACA;AACA,UAAM,IAAI/G,KAAJ,CAAU,mCAAV,CAAN;AACD;;AAED,MAAI,CAAC+G,QAAD,IAAe,SAASA,QAAV,IAAuB,CAACA,SAAS7D,GAAnD,EACE;AACA,WAAO;AAACA,WAAKjC,OAAOI,EAAP;AAAN,KAAP;AAEF,MAAI6F,MAAM,EAAV;;AACA5G,IAAEgD,IAAF,CAAOyD,QAAP,EAAiB,UAAUxD,KAAV,EAAiBC,GAAjB,EAAsB;AACrC;AACA,QAAID,iBAAiB4D,MAArB,EAA6B;AAC3BD,UAAI1D,GAAJ,IAAW4D,6BAA6B7D,KAA7B,CAAX;AACD,KAFD,MAEO,IAAIA,SAASA,MAAM8D,MAAN,YAAwBF,MAArC,EAA6C;AAClDD,UAAI1D,GAAJ,IAAW4D,6BAA6B7D,MAAM8D,MAAnC,CAAX,CADkD,CAElD;AACA;;AACA,UAAI9D,MAAM+D,QAAN,KAAmB9G,SAAvB,EACE0G,IAAI1D,GAAJ,EAAS8D,QAAT,GAAoB/D,MAAM+D,QAA1B;AACH,KANM,MAOF,IAAIhH,EAAEiH,QAAF,CAAW,CAAC,KAAD,EAAO,MAAP,EAAc,MAAd,CAAX,EAAkC/D,GAAlC,CAAJ,EAA4C;AAC/C;AACA0D,UAAI1D,GAAJ,IAAWlD,EAAEkH,GAAF,CAAMjE,KAAN,EAAa,UAAUkE,CAAV,EAAa;AACnC,eAAO9H,MAAMC,UAAN,CAAiBkH,gBAAjB,CAAkCW,CAAlC,CAAP;AACD,OAFU,CAAX;AAGD,KALI,MAKE;AACLP,UAAI1D,GAAJ,IAAWD,KAAX;AACD;AACF,GAnBD;;AAoBA,SAAO2D,GAAP;AACD,CArCD,C,CAuCA;AACA;;;AACA,SAASE,4BAAT,CAAsCM,MAAtC,EAA8C;AAC5CtC,QAAMsC,MAAN,EAAcP,MAAd,EAD4C,CACrB;;AAEvB,MAAIJ,WAAW;AAACM,YAAQK,OAAOC;AAAhB,GAAf;AACA,MAAIC,eAAe,EAAnB,CAJ4C,CAK5C;AACA;;AACA,MAAIF,OAAOG,UAAX,EACED,gBAAgB,GAAhB;AACF,MAAIF,OAAOI,SAAX,EACEF,gBAAgB,GAAhB;AACF,MAAIA,YAAJ,EACEb,SAASO,QAAT,GAAoBM,YAApB;AAEF,SAAOb,QAAP;AACD,C,CAED;AACA;AACA;AACA;AACA;AACA;AACA;AACA;AACA;AACA;AACA;AACA;AACA;AACA;AACA;AACA;AACA;AACA;AACA;AACA;AACA;AACA;AACA;AACA;AACA;AACA;AACA;AACA;AACA;AAEA;;;;;;;;;;AASApH,MAAMC,UAAN,CAAiBmF,SAAjB,CAA2B9B,MAA3B;AAAoC,WAASA,MAAT,CAAgBH,GAAhB,EAAqBiF,QAArB,EAA+B;AACjE;AACA,QAAI,CAACjF,GAAL,EAAU;AACR,YAAM,IAAI9C,KAAJ,CAAU,6BAAV,CAAN;AACD,KAJgE,CAMjE;;;AACA8C,UAAMxC,EAAEC,MAAF,CAAS,EAAT,EAAauC,GAAb,CAAN;;AAEA,QAAI,SAASA,GAAb,EAAkB;AAChB,UAAI,CAACA,IAAII,GAAL,IAAY,EAAE,OAAOJ,IAAII,GAAX,KAAmB,QAAnB,IAA+BJ,IAAII,GAAJ,YAAmBvD,MAAMwB,QAA1D,CAAhB,EAAqF;AACnF,cAAM,IAAInB,KAAJ,CAAU,0EAAV,CAAN;AACD;AACF,KAJD,MAIO;AACL,UAAIgI,aAAa,IAAjB,CADK,CAGL;AACA;AACA;;AACA,UAAI,KAAKC,mBAAL,EAAJ,EAAgC;AAC9B,YAAMC,YAAYnH,IAAIoH,kBAAJ,CAAuBC,GAAvB,EAAlB;;AACA,YAAI,CAACF,SAAL,EAAgB;AACdF,uBAAa,KAAb;AACD;AACF;;AAED,UAAIA,UAAJ,EAAgB;AACdlF,YAAII,GAAJ,GAAU,KAAKrC,UAAL,EAAV;AACD;AACF,KA7BgE,CA+BjE;AACA;;;AACA,QAAIwH,wCAAwC,UAAUC,MAAV,EAAkB;AAC5D,UAAIxF,IAAII,GAAR,EAAa;AACX,eAAOJ,IAAII,GAAX;AACD,OAH2D,CAK5D;AACA;AACA;;;AACAJ,UAAII,GAAJ,GAAUoF,MAAV;AAEA,aAAOA,MAAP;AACD,KAXD;;AAaA,QAAMC,kBAAkBC,aAAaT,QAAb,EAAuBM,qCAAvB,CAAxB;;AAEA,QAAI,KAAKJ,mBAAL,EAAJ,EAAgC;AAC9B,UAAMK,SAAS,KAAKG,kBAAL,CAAwB,QAAxB,EAAkC,CAAC3F,GAAD,CAAlC,EAAyCyF,eAAzC,CAAf;;AACA,aAAOF,sCAAsCC,MAAtC,CAAP;AACD,KAnDgE,CAqDjE;AACA;;;AACA,QAAI;AACF;AACA;AACA;AACA,UAAMA,UAAS,KAAKvG,WAAL,CAAiBkB,MAAjB,CAAwBH,GAAxB,EAA6ByF,eAA7B,CAAf;;AACA,aAAOF,sCAAsCC,OAAtC,CAAP;AACD,KAND,CAME,OAAOI,CAAP,EAAU;AACV,UAAIX,QAAJ,EAAc;AACZA,iBAASW,CAAT;AACA,eAAO,IAAP;AACD;;AACD,YAAMA,CAAN;AACD;AACF;;AApED,SAA6CzF,MAA7C;AAAA,I,CAsEA;;;;;;;;;;;;;;AAaAtD,MAAMC,UAAN,CAAiBmF,SAAjB,CAA2BtC,MAA3B;AAAoC,WAASA,MAAT,CAAgBsE,QAAhB,EAA0B1D,QAA1B,EAA2D;AAAA,sCAApBsF,kBAAoB;AAApBA,wBAAoB;AAAA;;AAC7F,QAAMZ,WAAWa,oBAAoBD,kBAApB,CAAjB;AAEA5B,eAAWpH,MAAMC,UAAN,CAAiBkH,gBAAjB,CAAkCC,QAAlC,CAAX,CAH6F,CAK7F;AACA;;AACA,QAAMjH,UAAUQ,EAAEuI,KAAF,CAAQF,mBAAmB,CAAnB,CAAR,KAAkC,EAAlD;;AACA,QAAI7I,WAAWA,QAAQgJ,MAAvB,EAA+B;AAC7B;AACA,UAAIhJ,QAAQiJ,UAAZ,EAAwB;AACtB,YAAI,EAAE,OAAOjJ,QAAQiJ,UAAf,KAA8B,QAA9B,IAA0CjJ,QAAQiJ,UAAR,YAA8BpJ,MAAMwB,QAAhF,CAAJ,EACE,MAAM,IAAInB,KAAJ,CAAU,uCAAV,CAAN;AACH,OAHD,MAGO,IAAI,CAAE+G,SAAS7D,GAAf,EAAoB;AACzBpD,gBAAQiJ,UAAR,GAAqB,KAAKlI,UAAL,EAArB;AACD;AACF;;AAED,QAAM0H,kBAAkBC,aAAaT,QAAb,CAAxB;;AAEA,QAAI,KAAKE,mBAAL,EAAJ,EAAgC;AAC9B,UAAMhD,OAAO,CACX8B,QADW,EAEX1D,QAFW,EAGXvD,OAHW,CAAb;AAMA,aAAO,KAAK2I,kBAAL,CAAwB,QAAxB,EAAkCxD,IAAlC,EAAwCsD,eAAxC,CAAP;AACD,KA5B4F,CA8B7F;AACA;;;AACA,QAAI;AACF;AACA;AACA;AACA,aAAO,KAAKxG,WAAL,CAAiBU,MAAjB,CACLsE,QADK,EACK1D,QADL,EACevD,OADf,EACwByI,eADxB,CAAP;AAED,KAND,CAME,OAAOG,CAAP,EAAU;AACV,UAAIX,QAAJ,EAAc;AACZA,iBAASW,CAAT;AACA,eAAO,IAAP;AACD;;AACD,YAAMA,CAAN;AACD;AACF;;AA7CD,SAA6CjG,MAA7C;AAAA,I,CA+CA;;;;;;;;;;AASA9C,MAAMC,UAAN,CAAiBmF,SAAjB,CAA2BvC,MAA3B;AAAoC,WAASA,MAAT,CAAgBuE,QAAhB,EAA0BgB,QAA1B,EAAoC;AACtEhB,eAAWpH,MAAMC,UAAN,CAAiBkH,gBAAjB,CAAkCC,QAAlC,CAAX;AAEA,QAAMwB,kBAAkBC,aAAaT,QAAb,CAAxB;;AAEA,QAAI,KAAKE,mBAAL,EAAJ,EAAgC;AAC9B,aAAO,KAAKQ,kBAAL,CAAwB,QAAxB,EAAkC,CAAC1B,QAAD,CAAlC,EAA8CwB,eAA9C,CAAP;AACD,KAPqE,CAStE;AACA;;;AACA,QAAI;AACF;AACA;AACA;AACA,aAAO,KAAKxG,WAAL,CAAiBS,MAAjB,CAAwBuE,QAAxB,EAAkCwB,eAAlC,CAAP;AACD,KALD,CAKE,OAAOG,CAAP,EAAU;AACV,UAAIX,QAAJ,EAAc;AACZA,iBAASW,CAAT;AACA,eAAO,IAAP;AACD;;AACD,YAAMA,CAAN;AACD;AACF;;AAvBD,SAA6ClG,MAA7C;AAAA,I,CAyBA;AACA;;;AACA7C,MAAMC,UAAN,CAAiBmF,SAAjB,CAA2BkD,mBAA3B;AAAiD,WAASA,mBAAT,GAA+B;AAC9E;AACA,WAAO,KAAKxG,WAAL,IAAoB,KAAKA,WAAL,KAAqBxB,OAAO0B,MAAvD;AACD;;AAHD,SAA0DsG,mBAA1D;AAAA,I,CAKA;;;AACA,SAASO,YAAT,CAAsBT,QAAtB,EAAgCiB,aAAhC,EAA+C;AAC7C,MAAI,CAACjB,QAAL,EAAe;AACb;AACD,GAH4C,CAK7C;;;AACAiB,kBAAgBA,iBAAiB1I,EAAE2I,QAAnC;AAEA,SAAO,UAACxE,KAAD,EAAQ6D,MAAR,EAAmB;AACxBP,aAAStD,KAAT,EAAgB,CAAEA,KAAF,IAAWuE,cAAcV,MAAd,CAA3B;AACD,GAFD;AAGD,C,CAED;;;;;;;;;;AASA3I,MAAMC,UAAN,CAAiBmF,SAAjB,CAA2B+D,MAA3B;AAAoC,WAASA,MAAT,CAChC/B,QADgC,EACtB1D,QADsB,EACZvD,OADY,EACHiI,QADG,EACO;AACzC,QAAI,CAAEA,QAAF,IAAc,OAAOjI,OAAP,KAAmB,UAArC,EAAiD;AAC/CiI,iBAAWjI,OAAX;AACAA,gBAAU,EAAV;AACD;;AAED,QAAMoJ,gBAAgB5I,EAAEC,MAAF,CAAS,EAAT,EAAaT,OAAb,EAAsB;AAC1CqJ,qBAAe,IAD2B;AAE1CL,cAAQ;AAFkC,KAAtB,CAAtB;;AAKA,WAAO,KAAKrG,MAAL,CAAYsE,QAAZ,EAAsB1D,QAAtB,EAAgC6F,aAAhC,EAA+CnB,QAA/C,CAAP;AACD;;AAbD,SAA6Ce,MAA7C;AAAA,I,CAeA;AACA;;;AACAnJ,MAAMC,UAAN,CAAiBmF,SAAjB,CAA2BqE,YAA3B,GAA0C,UAAUC,KAAV,EAAiBvJ,OAAjB,EAA0B;AAClE,MAAIC,OAAO,IAAX;AACA,MAAI,CAACA,KAAKgC,WAAL,CAAiBqH,YAAtB,EACE,MAAM,IAAIpJ,KAAJ,CAAU,kDAAV,CAAN;;AACFD,OAAKgC,WAAL,CAAiBqH,YAAjB,CAA8BC,KAA9B,EAAqCvJ,OAArC;AACD,CALD;;AAMAH,MAAMC,UAAN,CAAiBmF,SAAjB,CAA2BuE,UAA3B,GAAwC,UAAUD,KAAV,EAAiB;AACvD,MAAItJ,OAAO,IAAX;AACA,MAAI,CAACA,KAAKgC,WAAL,CAAiBuH,UAAtB,EACE,MAAM,IAAItJ,KAAJ,CAAU,gDAAV,CAAN;;AACFD,OAAKgC,WAAL,CAAiBuH,UAAjB,CAA4BD,KAA5B;AACD,CALD;;AAMA1J,MAAMC,UAAN,CAAiBmF,SAAjB,CAA2BwE,eAA3B,GAA6C,YAAY;AACvD,MAAIxJ,OAAO,IAAX;AACA,MAAI,CAACA,KAAKgC,WAAL,CAAiByH,cAAtB,EACE,MAAM,IAAIxJ,KAAJ,CAAU,qDAAV,CAAN;;AACFD,OAAKgC,WAAL,CAAiByH,cAAjB;AACD,CALD;;AAMA7J,MAAMC,UAAN,CAAiBmF,SAAjB,CAA2B0E,uBAA3B,GAAqD,UAAUC,QAAV,EAAoBC,YAApB,EAAkC;AACrF,MAAI5J,OAAO,IAAX;AACA,MAAI,CAACA,KAAKgC,WAAL,CAAiB0H,uBAAtB,EACE,MAAM,IAAIzJ,KAAJ,CAAU,6DAAV,CAAN;;AACFD,OAAKgC,WAAL,CAAiB0H,uBAAjB,CAAyCC,QAAzC,EAAmDC,YAAnD;AACD,CALD,C,CAOA;;;;;AAIAhK,MAAMC,UAAN,CAAiBmF,SAAjB,CAA2B6E,aAA3B,GAA2C,YAAY;AACrD,MAAI7J,OAAO,IAAX;;AACA,MAAI,CAAEA,KAAKgC,WAAL,CAAiB6H,aAAvB,EAAsC;AACpC,UAAM,IAAI5J,KAAJ,CAAU,mDAAV,CAAN;AACD;;AACD,SAAOD,KAAKgC,WAAL,CAAiB6H,aAAjB,EAAP;AACD,CAND,C,CAQA;;;;;AAIAjK,MAAMC,UAAN,CAAiBmF,SAAjB,CAA2B8E,WAA3B,GAAyC,YAAY;AACnD,MAAI9J,OAAO,IAAX;;AACA,MAAI,EAAGA,KAAKY,OAAL,CAAamJ,KAAb,IAAsB/J,KAAKY,OAAL,CAAamJ,KAAb,CAAmBC,EAA5C,CAAJ,EAAqD;AACnD,UAAM,IAAI/J,KAAJ,CAAU,iDAAV,CAAN;AACD;;AACD,SAAOD,KAAKY,OAAL,CAAamJ,KAAb,CAAmBC,EAA1B;AACD,CAND,C,CASA;;;;;;;AAMApK,MAAMwB,QAAN,GAAiByB,QAAQzB,QAAzB,C,CAEA;;;;;AAKAxB,MAAMqK,MAAN,GAAezI,gBAAgByI,MAA/B,C,CAEA;;;AAGArK,MAAMC,UAAN,CAAiBoK,MAAjB,GAA0BrK,MAAMqK,MAAhC,C,CAEA;;;AAGArK,MAAMC,UAAN,CAAiBuB,QAAjB,GAA4BxB,MAAMwB,QAAlC,C,CAEA;;;AAGAlB,OAAOL,UAAP,GAAoBD,MAAMC,UAA1B,C,CAEA;;AACAU,EAAEC,MAAF,CAASN,OAAOL,UAAP,CAAkBmF,SAA3B,EAAsCkF,UAAUC,mBAAhD;;AAEA,SAAStB,mBAAT,CAA6B3D,IAA7B,EAAmC;AACjC;AACA;AACA,MAAIA,KAAKC,MAAL,KACCD,KAAKA,KAAKC,MAAL,GAAc,CAAnB,MAA0B1E,SAA1B,IACAyE,KAAKA,KAAKC,MAAL,GAAc,CAAnB,aAAiCU,QAFlC,CAAJ,EAEiD;AAC/C,WAAOX,KAAKkF,GAAL,EAAP;AACD;AACF","file":"/packages/mongo/collection.js.map","sourcesContent":["// options.connection, if given, is a LivedataClient or LivedataServer\n// XXX presently there is no way to destroy/clean up a Collection\n\n/**\n * @summary Namespace for MongoDB-related items\n * @namespace\n */\nMongo = {};\n\n/**\n * @summary Constructor for a Collection\n * @locus Anywhere\n * @instancename collection\n * @class\n * @param {String} name The name of the collection.  If null, creates an unmanaged (unsynchronized) local collection.\n * @param {Object} [options]\n * @param {Object} options.connection The server connection that will manage this collection. Uses the default connection if not specified.  Pass the return value of calling [`DDP.connect`](#ddp_connect) to specify a different server. Pass `null` to specify no connection. Unmanaged (`name` is null) collections cannot specify a connection.\n * @param {String} options.idGeneration The method of generating the `_id` fields of new documents in this collection.  Possible values:\n\n - **`'STRING'`**: random strings\n - **`'MONGO'`**:  random [`Mongo.ObjectID`](#mongo_object_id) values\n\nThe default id generation technique is `'STRING'`.\n * @param {Function} options.transform An optional transformation function. Documents will be passed through this function before being returned from `fetch` or `findOne`, and before being passed to callbacks of `observe`, `map`, `forEach`, `allow`, and `deny`. Transforms are *not* applied for the callbacks of `observeChanges` or to cursors returned from publish functions.\n * @param {Boolean} options.defineMutationMethods Set to `false` to skip setting up the mutation methods that enable insert/update/remove from client code. Default `true`.\n */\nMongo.Collection = function (name, options) {\n  var self = this;\n  if (! (self instanceof Mongo.Collection))\n    throw new Error('use \"new\" to construct a Mongo.Collection');\n\n  if (!name && (name !== null)) {\n    Meteor._debug(\"Warning: creating anonymous collection. It will not be \" +\n                  \"saved or synchronized over the network. (Pass null for \" +\n                  \"the collection name to turn off this warning.)\");\n    name = null;\n  }\n\n  if (name !== null && typeof name !== \"string\") {\n    throw new Error(\n      \"First argument to new Mongo.Collection must be a string or null\");\n  }\n\n  if (options && options.methods) {\n    // Backwards compatibility hack with original signature (which passed\n    // \"connection\" directly instead of in options. (Connections must have a \"methods\"\n    // method.)\n    // XXX remove before 1.0\n    options = {connection: options};\n  }\n  // Backwards compatibility: \"connection\" used to be called \"manager\".\n  if (options && options.manager && !options.connection) {\n    options.connection = options.manager;\n  }\n  options = _.extend({\n    connection: undefined,\n    idGeneration: 'STRING',\n    transform: null,\n    _driver: undefined,\n    _preventAutopublish: false\n  }, options);\n\n  switch (options.idGeneration) {\n  case 'MONGO':\n    self._makeNewID = function () {\n      var src = name ? DDP.randomStream('/collection/' + name) : Random.insecure;\n      return new Mongo.ObjectID(src.hexString(24));\n    };\n    break;\n  case 'STRING':\n  default:\n    self._makeNewID = function () {\n      var src = name ? DDP.randomStream('/collection/' + name) : Random.insecure;\n      return src.id();\n    };\n    break;\n  }\n\n  self._transform = LocalCollection.wrapTransform(options.transform);\n\n  if (! name || options.connection === null)\n    // note: nameless collections never have a connection\n    self._connection = null;\n  else if (options.connection)\n    self._connection = options.connection;\n  else if (Meteor.isClient)\n    self._connection = Meteor.connection;\n  else\n    self._connection = Meteor.server;\n\n  if (!options._driver) {\n    // XXX This check assumes that webapp is loaded so that Meteor.server !==\n    // null. We should fully support the case of \"want to use a Mongo-backed\n    // collection from Node code without webapp\", but we don't yet.\n    // #MeteorServerNull\n    if (name && self._connection === Meteor.server &&\n        typeof MongoInternals !== \"undefined\" &&\n        MongoInternals.defaultRemoteCollectionDriver) {\n      options._driver = MongoInternals.defaultRemoteCollectionDriver();\n    } else {\n      options._driver = LocalCollectionDriver;\n    }\n  }\n\n  self._collection = options._driver.open(name, self._connection);\n  self._name = name;\n  self._driver = options._driver;\n\n  if (self._connection && self._connection.registerStore) {\n    // OK, we're going to be a slave, replicating some remote\n    // database, except possibly with some temporary divergence while\n    // we have unacknowledged RPC's.\n    var ok = self._connection.registerStore(name, {\n      // Called at the beginning of a batch of updates. batchSize is the number\n      // of update calls to expect.\n      //\n      // XXX This interface is pretty janky. reset probably ought to go back to\n      // being its own function, and callers shouldn't have to calculate\n      // batchSize. The optimization of not calling pause/remove should be\n      // delayed until later: the first call to update() should buffer its\n      // message, and then we can either directly apply it at endUpdate time if\n      // it was the only update, or do pauseObservers/apply/apply at the next\n      // update() if there's another one.\n      beginUpdate: function (batchSize, reset) {\n        // pause observers so users don't see flicker when updating several\n        // objects at once (including the post-reconnect reset-and-reapply\n        // stage), and so that a re-sorting of a query can take advantage of the\n        // full _diffQuery moved calculation instead of applying change one at a\n        // time.\n        if (batchSize > 1 || reset)\n          self._collection.pauseObservers();\n\n        if (reset)\n          self._collection.remove({});\n      },\n\n      // Apply an update.\n      // XXX better specify this interface (not in terms of a wire message)?\n      update: function (msg) {\n        var mongoId = MongoID.idParse(msg.id);\n        var doc = self._collection.findOne(mongoId);\n\n        // Is this a \"replace the whole doc\" message coming from the quiescence\n        // of method writes to an object? (Note that 'undefined' is a valid\n        // value meaning \"remove it\".)\n        if (msg.msg === 'replace') {\n          var replace = msg.replace;\n          if (!replace) {\n            if (doc)\n              self._collection.remove(mongoId);\n          } else if (!doc) {\n            self._collection.insert(replace);\n          } else {\n            // XXX check that replace has no $ ops\n            self._collection.update(mongoId, replace);\n          }\n          return;\n        } else if (msg.msg === 'added') {\n          if (doc) {\n            throw new Error(\"Expected not to find a document already present for an add\");\n          }\n          self._collection.insert(_.extend({_id: mongoId}, msg.fields));\n        } else if (msg.msg === 'removed') {\n          if (!doc)\n            throw new Error(\"Expected to find a document already present for removed\");\n          self._collection.remove(mongoId);\n        } else if (msg.msg === 'changed') {\n          if (!doc)\n            throw new Error(\"Expected to find a document to change\");\n          if (!_.isEmpty(msg.fields)) {\n            var modifier = {};\n            _.each(msg.fields, function (value, key) {\n              if (value === undefined) {\n                if (!modifier.$unset)\n                  modifier.$unset = {};\n                modifier.$unset[key] = 1;\n              } else {\n                if (!modifier.$set)\n                  modifier.$set = {};\n                modifier.$set[key] = value;\n              }\n            });\n            self._collection.update(mongoId, modifier);\n          }\n        } else {\n          throw new Error(\"I don't know how to deal with this message\");\n        }\n\n      },\n\n      // Called at the end of a batch of updates.\n      endUpdate: function () {\n        self._collection.resumeObservers();\n      },\n\n      // Called around method stub invocations to capture the original versions\n      // of modified documents.\n      saveOriginals: function () {\n        self._collection.saveOriginals();\n      },\n      retrieveOriginals: function () {\n        return self._collection.retrieveOriginals();\n      },\n\n      // Used to preserve current versions of documents across a store reset.\n      getDoc: function(id) {\n        return self.findOne(id);\n      },\n\n      // To be able to get back to the collection from the store.\n      _getCollection: function () {\n        return self;\n      }\n    });\n\n    if (!ok) {\n      const message = `There is already a collection named \"${name}\"`;\n      if (options._suppressSameNameError === true) {\n        // XXX In theory we do not have to throw when `ok` is falsy. The store is already defined\n        // for this collection name, but this will simply be another reference to it and everything\n        // should work. However, we have historically thrown an error here, so for now we will\n        // skip the error only when `_suppressSameNameError` is `true`, allowing people to opt in\n        // and give this some real world testing.\n        console.warn ? console.warn(message) : console.log(message);\n      } else {\n        throw new Error(message);\n      }\n    }\n  }\n\n  // XXX don't define these until allow or deny is actually used for this\n  // collection. Could be hard if the security rules are only defined on the\n  // server.\n  if (options.defineMutationMethods !== false) {\n    try {\n      self._defineMutationMethods({ useExisting: (options._suppressSameNameError === true) });\n    } catch (error) {\n      // Throw a more understandable error on the server for same collection name\n      if (error.message === `A method named '/${name}/insert' is already defined`)\n        throw new Error(`There is already a collection named \"${name}\"`);\n      throw error;\n    }\n  }\n\n  // autopublish\n  if (Package.autopublish && !options._preventAutopublish && self._connection && self._connection.publish) {\n    self._connection.publish(null, function () {\n      return self.find();\n    }, {is_auto: true});\n  }\n};\n\n///\n/// Main collection API\n///\n\n\n_.extend(Mongo.Collection.prototype, {\n\n  _getFindSelector: function (args) {\n    if (args.length == 0)\n      return {};\n    else\n      return args[0];\n  },\n\n  _getFindOptions: function (args) {\n    var self = this;\n    if (args.length < 2) {\n      return { transform: self._transform };\n    } else {\n      check(args[1], Match.Optional(Match.ObjectIncluding({\n        fields: Match.Optional(Match.OneOf(Object, undefined)),\n        sort: Match.Optional(Match.OneOf(Object, Array, Function, undefined)),\n        limit: Match.Optional(Match.OneOf(Number, undefined)),\n        skip: Match.Optional(Match.OneOf(Number, undefined))\n     })));\n\n      return _.extend({\n        transform: self._transform\n      }, args[1]);\n    }\n  },\n\n  /**\n   * @summary Find the documents in a collection that match the selector.\n   * @locus Anywhere\n   * @method find\n   * @memberOf Mongo.Collection\n   * @instance\n   * @param {MongoSelector} [selector] A query describing the documents to find\n   * @param {Object} [options]\n   * @param {MongoSortSpecifier} options.sort Sort order (default: natural order)\n   * @param {Number} options.skip Number of results to skip at the beginning\n   * @param {Number} options.limit Maximum number of results to return\n   * @param {MongoFieldSpecifier} options.fields Dictionary of fields to return or exclude.\n   * @param {Boolean} options.reactive (Client only) Default `true`; pass `false` to disable reactivity\n   * @param {Function} options.transform Overrides `transform` on the  [`Collection`](#collections) for this cursor.  Pass `null` to disable transformation.\n   * @param {Boolean} options.disableOplog (Server only) Pass true to disable oplog-tailing on this query. This affects the way server processes calls to `observe` on this query. Disabling the oplog can be useful when working with data that updates in large batches.\n   * @param {Number} options.pollingIntervalMs (Server only) When oplog is disabled (through the use of `disableOplog` or when otherwise not available), the frequency (in milliseconds) of how often to poll this query when observing on the server. Defaults to 10000ms (10 seconds).\n   * @param {Number} options.pollingThrottleMs (Server only) When oplog is disabled (through the use of `disableOplog` or when otherwise not available), the minimum time (in milliseconds) to allow between re-polling when observing on the server. Increasing this will save CPU and mongo load at the expense of slower updates to users. Decreasing this is not recommended. Defaults to 50ms.\n   * @returns {Mongo.Cursor}\n   */\n  find: function (/* selector, options */) {\n    // Collection.find() (return all docs) behaves differently\n    // from Collection.find(undefined) (return 0 docs).  so be\n    // careful about the length of arguments.\n    var self = this;\n    var argArray = _.toArray(arguments);\n    return self._collection.find(self._getFindSelector(argArray),\n                                 self._getFindOptions(argArray));\n  },\n\n  /**\n   * @summary Finds the first document that matches the selector, as ordered by sort and skip options. Returns `undefined` if no matching document is found.\n   * @locus Anywhere\n   * @method findOne\n   * @memberOf Mongo.Collection\n   * @instance\n   * @param {MongoSelector} [selector] A query describing the documents to find\n   * @param {Object} [options]\n   * @param {MongoSortSpecifier} options.sort Sort order (default: natural order)\n   * @param {Number} options.skip Number of results to skip at the beginning\n   * @param {MongoFieldSpecifier} options.fields Dictionary of fields to return or exclude.\n   * @param {Boolean} options.reactive (Client only) Default true; pass false to disable reactivity\n   * @param {Function} options.transform Overrides `transform` on the [`Collection`](#collections) for this cursor.  Pass `null` to disable transformation.\n   * @returns {Object}\n   */\n  findOne: function (/* selector, options */) {\n    var self = this;\n    var argArray = _.toArray(arguments);\n    return self._collection.findOne(self._getFindSelector(argArray),\n                                    self._getFindOptions(argArray));\n  }\n\n});\n\nMongo.Collection._publishCursor = function (cursor, sub, collection) {\n  var observeHandle = cursor.observeChanges({\n    added: function (id, fields) {\n      sub.added(collection, id, fields);\n    },\n    changed: function (id, fields) {\n      sub.changed(collection, id, fields);\n    },\n    removed: function (id) {\n      sub.removed(collection, id);\n    }\n  });\n\n  // We don't call sub.ready() here: it gets called in livedata_server, after\n  // possibly calling _publishCursor on multiple returned cursors.\n\n  // register stop callback (expects lambda w/ no args).\n  sub.onStop(function () {observeHandle.stop();});\n\n  // return the observeHandle in case it needs to be stopped early\n  return observeHandle;\n};\n\n// protect against dangerous selectors.  falsey and {_id: falsey} are both\n// likely programmer error, and not what you want, particularly for destructive\n// operations.  JS regexps don't serialize over DDP but can be trivially\n// replaced by $regex.\nMongo.Collection._rewriteSelector = function (selector) {\n  // shorthand -- scalars match _id\n  if (LocalCollection._selectorIsId(selector))\n    selector = {_id: selector};\n\n  if (_.isArray(selector)) {\n    // This is consistent with the Mongo console itself; if we don't do this\n    // check passing an empty array ends up selecting all items\n    throw new Error(\"Mongo selector can't be an array.\");\n  }\n\n  if (!selector || (('_id' in selector) && !selector._id))\n    // can't match anything\n    return {_id: Random.id()};\n\n  var ret = {};\n  _.each(selector, function (value, key) {\n    // Mongo supports both {field: /foo/} and {field: {$regex: /foo/}}\n    if (value instanceof RegExp) {\n      ret[key] = convertRegexpToMongoSelector(value);\n    } else if (value && value.$regex instanceof RegExp) {\n      ret[key] = convertRegexpToMongoSelector(value.$regex);\n      // if value is {$regex: /foo/, $options: ...} then $options\n      // override the ones set on $regex.\n      if (value.$options !== undefined)\n        ret[key].$options = value.$options;\n    }\n    else if (_.contains(['$or','$and','$nor'], key)) {\n      // Translate lower levels of $and/$or/$nor\n      ret[key] = _.map(value, function (v) {\n        return Mongo.Collection._rewriteSelector(v);\n      });\n    } else {\n      ret[key] = value;\n    }\n  });\n  return ret;\n};\n\n// convert a JS RegExp object to a Mongo {$regex: ..., $options: ...}\n// selector\nfunction convertRegexpToMongoSelector(regexp) {\n  check(regexp, RegExp); // safety belt\n\n  var selector = {$regex: regexp.source};\n  var regexOptions = '';\n  // JS RegExp objects support 'i', 'm', and 'g'. Mongo regex $options\n  // support 'i', 'm', 'x', and 's'. So we support 'i' and 'm' here.\n  if (regexp.ignoreCase)\n    regexOptions += 'i';\n  if (regexp.multiline)\n    regexOptions += 'm';\n  if (regexOptions)\n    selector.$options = regexOptions;\n\n  return selector;\n}\n\n// 'insert' immediately returns the inserted document's new _id.\n// The others return values immediately if you are in a stub, an in-memory\n// unmanaged collection, or a mongo-backed collection and you don't pass a\n// callback. 'update' and 'remove' return the number of affected\n// documents. 'upsert' returns an object with keys 'numberAffected' and, if an\n// insert happened, 'insertedId'.\n//\n// Otherwise, the semantics are exactly like other methods: they take\n// a callback as an optional last argument; if no callback is\n// provided, they block until the operation is complete, and throw an\n// exception if it fails; if a callback is provided, then they don't\n// necessarily block, and they call the callback when they finish with error and\n// result arguments.  (The insert method provides the document ID as its result;\n// update and remove provide the number of affected docs as the result; upsert\n// provides an object with numberAffected and maybe insertedId.)\n//\n// On the client, blocking is impossible, so if a callback\n// isn't provided, they just return immediately and any error\n// information is lost.\n//\n// There's one more tweak. On the client, if you don't provide a\n// callback, then if there is an error, a message will be logged with\n// Meteor._debug.\n//\n// The intent (though this is actually determined by the underlying\n// drivers) is that the operations should be done synchronously, not\n// generating their result until the database has acknowledged\n// them. In the future maybe we should provide a flag to turn this\n// off.\n\n/**\n * @summary Insert a document in the collection.  Returns its unique _id.\n * @locus Anywhere\n * @method  insert\n * @memberOf Mongo.Collection\n * @instance\n * @param {Object} doc The document to insert. May not yet have an _id attribute, in which case Meteor will generate one for you.\n * @param {Function} [callback] Optional.  If present, called with an error object as the first argument and, if no error, the _id as the second.\n */\nMongo.Collection.prototype.insert = function insert(doc, callback) {\n  // Make sure we were passed a document to insert\n  if (!doc) {\n    throw new Error(\"insert requires an argument\");\n  }\n\n  // Shallow-copy the document and possibly generate an ID\n  doc = _.extend({}, doc);\n\n  if ('_id' in doc) {\n    if (!doc._id || !(typeof doc._id === 'string' || doc._id instanceof Mongo.ObjectID)) {\n      throw new Error(\"Meteor requires document _id fields to be non-empty strings or ObjectIDs\");\n    }\n  } else {\n    let generateId = true;\n\n    // Don't generate the id if we're the client and the 'outermost' call\n    // This optimization saves us passing both the randomSeed and the id\n    // Passing both is redundant.\n    if (this._isRemoteCollection()) {\n      const enclosing = DDP._CurrentInvocation.get();\n      if (!enclosing) {\n        generateId = false;\n      }\n    }\n\n    if (generateId) {\n      doc._id = this._makeNewID();\n    }\n  }\n\n  // On inserts, always return the id that we generated; on all other\n  // operations, just return the result from the collection.\n  var chooseReturnValueFromCollectionResult = function (result) {\n    if (doc._id) {\n      return doc._id;\n    }\n\n    // XXX what is this for??\n    // It's some iteraction between the callback to _callMutatorMethod and\n    // the return value conversion\n    doc._id = result;\n\n    return result;\n  };\n\n  const wrappedCallback = wrapCallback(callback, chooseReturnValueFromCollectionResult);\n\n  if (this._isRemoteCollection()) {\n    const result = this._callMutatorMethod(\"insert\", [doc], wrappedCallback);\n    return chooseReturnValueFromCollectionResult(result);\n  }\n\n  // it's my collection.  descend into the collection object\n  // and propagate any exception.\n  try {\n    // If the user provided a callback and the collection implements this\n    // operation asynchronously, then queryRet will be undefined, and the\n    // result will be returned through the callback instead.\n    const result = this._collection.insert(doc, wrappedCallback);\n    return chooseReturnValueFromCollectionResult(result);\n  } catch (e) {\n    if (callback) {\n      callback(e);\n      return null;\n    }\n    throw e;\n  }\n};\n\n/**\n * @summary Modify one or more documents in the collection. Returns the number of matched documents.\n * @locus Anywhere\n * @method update\n * @memberOf Mongo.Collection\n * @instance\n * @param {MongoSelector} selector Specifies which documents to modify\n * @param {MongoModifier} modifier Specifies how to modify the documents\n * @param {Object} [options]\n * @param {Boolean} options.multi True to modify all matching documents; false to only modify one of the matching documents (the default).\n * @param {Boolean} options.upsert True to insert a document if no matching documents are found.\n * @param {Function} [callback] Optional.  If present, called with an error object as the first argument and, if no error, the number of affected documents as the second.\n */\nMongo.Collection.prototype.update = function update(selector, modifier, ...optionsAndCallback) {\n  const callback = popCallbackFromArgs(optionsAndCallback);\n\n  selector = Mongo.Collection._rewriteSelector(selector);\n\n  // We've already popped off the callback, so we are left with an array\n  // of one or zero items\n  const options = _.clone(optionsAndCallback[0]) || {};\n  if (options && options.upsert) {\n    // set `insertedId` if absent.  `insertedId` is a Meteor extension.\n    if (options.insertedId) {\n      if (!(typeof options.insertedId === 'string' || options.insertedId instanceof Mongo.ObjectID))\n        throw new Error(\"insertedId must be string or ObjectID\");\n    } else if (! selector._id) {\n      options.insertedId = this._makeNewID();\n    }\n  }\n\n  const wrappedCallback = wrapCallback(callback);\n\n  if (this._isRemoteCollection()) {\n    const args = [\n      selector,\n      modifier,\n      options\n    ];\n\n    return this._callMutatorMethod(\"update\", args, wrappedCallback);\n  }\n\n  // it's my collection.  descend into the collection object\n  // and propagate any exception.\n  try {\n    // If the user provided a callback and the collection implements this\n    // operation asynchronously, then queryRet will be undefined, and the\n    // result will be returned through the callback instead.\n    return this._collection.update(\n      selector, modifier, options, wrappedCallback);\n  } catch (e) {\n    if (callback) {\n      callback(e);\n      return null;\n    }\n    throw e;\n  }\n};\n\n/**\n * @summary Remove documents from the collection\n * @locus Anywhere\n * @method remove\n * @memberOf Mongo.Collection\n * @instance\n * @param {MongoSelector} selector Specifies which documents to remove\n * @param {Function} [callback] Optional.  If present, called with an error object as its argument.\n */\nMongo.Collection.prototype.remove = function remove(selector, callback) {\n  selector = Mongo.Collection._rewriteSelector(selector);\n\n  const wrappedCallback = wrapCallback(callback);\n\n  if (this._isRemoteCollection()) {\n    return this._callMutatorMethod(\"remove\", [selector], wrappedCallback);\n  }\n\n  // it's my collection.  descend into the collection object\n  // and propagate any exception.\n  try {\n    // If the user provided a callback and the collection implements this\n    // operation asynchronously, then queryRet will be undefined, and the\n    // result will be returned through the callback instead.\n    return this._collection.remove(selector, wrappedCallback);\n  } catch (e) {\n    if (callback) {\n      callback(e);\n      return null;\n    }\n    throw e;\n  }\n};\n\n// Determine if this collection is simply a minimongo representation of a real\n// database on another server\nMongo.Collection.prototype._isRemoteCollection = function _isRemoteCollection() {\n  // XXX see #MeteorServerNull\n  return this._connection && this._connection !== Meteor.server;\n};\n\n// Convert the callback to not return a result if there is an error\nfunction wrapCallback(callback, convertResult) {\n  if (!callback) {\n    return;\n  }\n\n  // If no convert function was passed in, just use a \"blank function\"\n  convertResult = convertResult || _.identity;\n\n  return (error, result) => {\n    callback(error, ! error && convertResult(result));\n  };\n}\n\n/**\n * @summary Modify one or more documents in the collection, or insert one if no matching documents were found. Returns an object with keys `numberAffected` (the number of documents modified)  and `insertedId` (the unique _id of the document that was inserted, if any).\n * @locus Anywhere\n * @param {MongoSelector} selector Specifies which documents to modify\n * @param {MongoModifier} modifier Specifies how to modify the documents\n * @param {Object} [options]\n * @param {Boolean} options.multi True to modify all matching documents; false to only modify one of the matching documents (the default).\n * @param {Function} [callback] Optional.  If present, called with an error object as the first argument and, if no error, the number of affected documents as the second.\n */\nMongo.Collection.prototype.upsert = function upsert(\n    selector, modifier, options, callback) {\n  if (! callback && typeof options === \"function\") {\n    callback = options;\n    options = {};\n  }\n\n  const updateOptions = _.extend({}, options, {\n    _returnObject: true,\n    upsert: true\n  });\n\n  return this.update(selector, modifier, updateOptions, callback);\n};\n\n// We'll actually design an index API later. For now, we just pass through to\n// Mongo's, but make it synchronous.\nMongo.Collection.prototype._ensureIndex = function (index, options) {\n  var self = this;\n  if (!self._collection._ensureIndex)\n    throw new Error(\"Can only call _ensureIndex on server collections\");\n  self._collection._ensureIndex(index, options);\n};\nMongo.Collection.prototype._dropIndex = function (index) {\n  var self = this;\n  if (!self._collection._dropIndex)\n    throw new Error(\"Can only call _dropIndex on server collections\");\n  self._collection._dropIndex(index);\n};\nMongo.Collection.prototype._dropCollection = function () {\n  var self = this;\n  if (!self._collection.dropCollection)\n    throw new Error(\"Can only call _dropCollection on server collections\");\n  self._collection.dropCollection();\n};\nMongo.Collection.prototype._createCappedCollection = function (byteSize, maxDocuments) {\n  var self = this;\n  if (!self._collection._createCappedCollection)\n    throw new Error(\"Can only call _createCappedCollection on server collections\");\n  self._collection._createCappedCollection(byteSize, maxDocuments);\n};\n\n/**\n * @summary Returns the [`Collection`](http://mongodb.github.io/node-mongodb-native/2.2/api/Collection.html) object corresponding to this collection from the [npm `mongodb` driver module](https://www.npmjs.com/package/mongodb) which is wrapped by `Mongo.Collection`.\n * @locus Server\n */\nMongo.Collection.prototype.rawCollection = function () {\n  var self = this;\n  if (! self._collection.rawCollection) {\n    throw new Error(\"Can only call rawCollection on server collections\");\n  }\n  return self._collection.rawCollection();\n};\n\n/**\n * @summary Returns the [`Db`](http://mongodb.github.io/node-mongodb-native/2.2/api/Db.html) object corresponding to this collection's database connection from the [npm `mongodb` driver module](https://www.npmjs.com/package/mongodb) which is wrapped by `Mongo.Collection`.\n * @locus Server\n */\nMongo.Collection.prototype.rawDatabase = function () {\n  var self = this;\n  if (! (self._driver.mongo && self._driver.mongo.db)) {\n    throw new Error(\"Can only call rawDatabase on server collections\");\n  }\n  return self._driver.mongo.db;\n};\n\n\n/**\n * @summary Create a Mongo-style `ObjectID`.  If you don't specify a `hexString`, the `ObjectID` will generated randomly (not using MongoDB's ID construction rules).\n * @locus Anywhere\n * @class\n * @param {String} [hexString] Optional.  The 24-character hexadecimal contents of the ObjectID to create\n */\nMongo.ObjectID = MongoID.ObjectID;\n\n/**\n * @summary To create a cursor, use find. To access the documents in a cursor, use forEach, map, or fetch.\n * @class\n * @instanceName cursor\n */\nMongo.Cursor = LocalCollection.Cursor;\n\n/**\n * @deprecated in 0.9.1\n */\nMongo.Collection.Cursor = Mongo.Cursor;\n\n/**\n * @deprecated in 0.9.1\n */\nMongo.Collection.ObjectID = Mongo.ObjectID;\n\n/**\n * @deprecated in 0.9.1\n */\nMeteor.Collection = Mongo.Collection;\n\n// Allow deny stuff is now in the allow-deny package\n_.extend(Meteor.Collection.prototype, AllowDeny.CollectionPrototype);\n\nfunction popCallbackFromArgs(args) {\n  // Pull off any callback (or perhaps a 'callback' variable that was passed\n  // in undefined, like how 'upsert' does it).\n  if (args.length &&\n      (args[args.length - 1] === undefined ||\n       args[args.length - 1] instanceof Function)) {\n    return args.pop();\n  }\n}\n"]},"hash":"94e86a6bed34f8b08d31fdaa2884656f23657f21"}
