{"metadata":{"usedHelpers":[],"marked":[],"modules":{"imports":[],"exports":{"exported":[],"specifiers":[]}}},"options":{"filename":"/server/main.js","filenameRelative":"/server/main.js","env":{"development":{"plugins":[]}},"retainLines":false,"highlightCode":true,"suppressDeprecationMessages":false,"presets":[],"plugins":[[[],{"polyfill":false}],[[],null],[[],null],[[],{"allowTopLevelThis":true,"strict":false,"loose":true}],[[],null],[[],null],[[],null],[[],null],[[],null],[[],null],[[],null],[[],null],[[],null],[[],null],[[],null],[[],null],[[],null],[[],{"loose":true}],[[],{"loose":true}],[[],null],[[],{"loose":true}],[[],null],[[],null],[[],null],[[],null],[[],null],[[],null],[[],{"loose":true}],[[],null],[[],null],[[],null],[[],null],[[],null],[[],null],[[],null]],"ignore":[],"code":true,"metadata":true,"ast":false,"comments":true,"compact":false,"minified":false,"sourceMap":true,"sourceMaps":true,"sourceMapTarget":"/server/main.js.map","sourceFileName":"/server/main.js","babelrc":false,"sourceType":"module","moduleIds":false,"passPerPreset":false,"parserOpts":false,"generatorOpts":false,"basename":"main"},"ignored":false,"code":"module.import('../imports/api/tasks.js');\nvar Meteor = void 0;\nmodule.import('meteor/meteor', {\n  \"Meteor\": function (v) {\n    Meteor = v;\n  }\n}, 1);\nMeteor.startup(function () {// code to run on server at startup\n});","ast":null,"map":{"version":3,"sources":["/server/main.js"],"names":["module","import","Meteor","v","startup"],"mappings":"AAAAA,OAAOC,MAAP,CAAc,yBAAd;AAAyC,IAAIC,eAAJ;AAAWF,OAAOC,MAAP,CAAc,eAAd,EAA8B;AAAC,YAAS,UAASE,CAAT,EAAW;AAACD,aAAOC,CAAP;AAAS;AAA/B,CAA9B,EAA+D,CAA/D;AAGpDD,OAAOE,OAAP,CAAe,YAAM,CACnB;AACD,CAFD","file":"/server/main.js.map","sourcesContent":["import '../imports/api/tasks.js';\nimport { Meteor } from 'meteor/meteor';\n\nMeteor.startup(() => {\n  // code to run on server at startup\n});\n"]},"hash":"b2778d6ff9ab2814f217f989b19da513c95ae772"}
