{"metadata":{"usedHelpers":[],"marked":[],"modules":{"imports":[],"exports":{"exported":[],"specifiers":[]}}},"options":{"filename":"/imports/api/tasks.js","filenameRelative":"/imports/api/tasks.js","env":{"development":{"plugins":[]}},"retainLines":false,"highlightCode":true,"suppressDeprecationMessages":false,"presets":[],"plugins":[[[],{"polyfill":false}],[[],null],[[],null],[[],{"allowTopLevelThis":true,"strict":false,"loose":true}],[[],null],[[],null],[[],null],[[],null],[[],null],[[],null],[[],null],[[],null],[[],null],[[],null],[[],null],[[],null],[[],null],[[],{"loose":true}],[[],{"loose":true}],[[],null],[[],{"loose":true}],[[],null],[[],null],[[],null],[[],null],[[],null],[[],null],[[],{"loose":true}],[[],null],[[],null],[[],null],[[],null],[[],null],[[],null],[[],null]],"ignore":[],"code":true,"metadata":true,"ast":false,"comments":true,"compact":false,"minified":false,"sourceMap":true,"sourceMaps":true,"sourceMapTarget":"/imports/api/tasks.js.map","sourceFileName":"/imports/api/tasks.js","babelrc":false,"sourceType":"module","moduleIds":false,"passPerPreset":false,"parserOpts":false,"generatorOpts":false,"basename":"tasks"},"ignored":false,"code":"module.export({\n  Tasks: function () {\n    return Tasks;\n  }\n});\nvar Mongo = void 0;\nmodule.import('meteor/mongo', {\n  \"Mongo\": function (v) {\n    Mongo = v;\n  }\n}, 0);\nvar Tasks = new Mongo.Collection('tasks');","ast":null,"map":{"version":3,"sources":["/imports/api/tasks.js"],"names":["module","export","Tasks","Mongo","import","v","Collection"],"mappings":"AAAAA,OAAOC,MAAP,CAAc;AAACC,SAAM,YAAU;AAAC,WAAOA,KAAP;AAAa;AAA/B,CAAd;AAAgD,IAAIC,cAAJ;AAAUH,OAAOI,MAAP,CAAc,cAAd,EAA6B;AAAC,WAAQ,UAASC,CAAT,EAAW;AAACF,YAAME,CAAN;AAAQ;AAA7B,CAA7B,EAA4D,CAA5D;AAEnD,IAAMH,QAAQ,IAAIC,MAAMG,UAAV,CAAqB,OAArB,CAAd","file":"/imports/api/tasks.js.map","sourcesContent":["import { Mongo } from 'meteor/mongo';\n \nexport const Tasks = new Mongo.Collection('tasks');"]},"hash":"d2617e910af2674c6cc6ffe2fa0a84d17468df80"}
