{"metadata":{"usedHelpers":[],"marked":[],"modules":{"imports":[],"exports":{"exported":[],"specifiers":[]}}},"options":{"filename":"/imports/ui/task.js","filenameRelative":"/imports/ui/task.js","env":{"development":{"plugins":[]}},"retainLines":false,"highlightCode":true,"suppressDeprecationMessages":false,"presets":[],"plugins":[[[],{"polyfill":false}],[[],null],[[],null],[[],{"allowTopLevelThis":true,"strict":false,"loose":true}],[[],null],[[],null],[[],null],[[],null],[[],null],[[],null],[[],null],[[],null],[[],null],[[],null],[[],null],[[],null],[[],null],[[],{"loose":true}],[[],{"loose":true}],[[],null],[[],{"loose":true}],[[],null],[[],null],[[],null],[[],null],[[],null],[[],null],[[],{"loose":true}],[[],null],[[],null],[[],null],[[],null],[[],null],[[],null],[[],null]],"ignore":[],"code":true,"metadata":true,"ast":false,"comments":true,"compact":false,"minified":false,"sourceMap":true,"sourceMaps":true,"sourceMapTarget":"/imports/ui/task.js.map","sourceFileName":"/imports/ui/task.js","babelrc":false,"sourceType":"module","moduleIds":false,"passPerPreset":false,"parserOpts":false,"generatorOpts":false,"basename":"task"},"ignored":false,"code":"var Template = void 0;\nmodule.import('meteor/templating', {\n  \"Template\": function (v) {\n    Template = v;\n  }\n}, 0);\nvar Tasks = void 0;\nmodule.import('../api/tasks.js', {\n  \"Tasks\": function (v) {\n    Tasks = v;\n  }\n}, 1);\nmodule.import('./task.html');\nTemplate.task.events({\n  'click .toggle-checked': function () {\n    // Set the checked property to the opposite of its current value\n    Tasks.update(this._id, {\n      $set: {\n        checked: !this.checked\n      }\n    });\n  },\n  'click .delete': function () {\n    Tasks.remove(this._id);\n  }\n});","ast":null,"map":{"version":3,"sources":["/imports/ui/task.js"],"names":["Template","module","import","v","Tasks","task","events","update","_id","$set","checked","remove"],"mappings":"AAAA,IAAIA,iBAAJ;AAAaC,OAAOC,MAAP,CAAc,mBAAd,EAAkC;AAAC,cAAW,UAASC,CAAT,EAAW;AAACH,eAASG,CAAT;AAAW;AAAnC,CAAlC,EAAuE,CAAvE;AAA0E,IAAIC,cAAJ;AAAUH,OAAOC,MAAP,CAAc,iBAAd,EAAgC;AAAC,WAAQ,UAASC,CAAT,EAAW;AAACC,YAAMD,CAAN;AAAQ;AAA7B,CAAhC,EAA+D,CAA/D;AAAkEF,OAAOC,MAAP,CAAc,aAAd;AAMnKF,SAASK,IAAT,CAAcC,MAAd,CAAqB;AACnB,yBADmB,cACO;AACxB;AACAF,UAAMG,MAAN,CAAa,KAAKC,GAAlB,EAAuB;AACrBC,YAAM;AAAEC,iBAAS,CAAE,KAAKA;AAAlB;AADe,KAAvB;AAGD,GANkB;AAOnB,iBAPmB,cAOD;AAChBN,UAAMO,MAAN,CAAa,KAAKH,GAAlB;AACD;AATkB,CAArB","file":"/imports/ui/task.js.map","sourcesContent":["import { Template } from 'meteor/templating';\n \nimport { Tasks } from '../api/tasks.js';\n \nimport './task.html';\n \nTemplate.task.events({\n  'click .toggle-checked'() {\n    // Set the checked property to the opposite of its current value\n    Tasks.update(this._id, {\n      $set: { checked: ! this.checked },\n    });\n  },\n  'click .delete'() {\n    Tasks.remove(this._id);\n  },\n});"]},"hash":"db0c27667c58b7eff4a219becab658e8caa41ec4"}
