{"metadata":{"usedHelpers":[],"marked":[],"modules":{"imports":[],"exports":{"exported":[],"specifiers":[]}}},"options":{"filename":"/imports/ui/body.js","filenameRelative":"/imports/ui/body.js","env":{"development":{"plugins":[]}},"retainLines":false,"highlightCode":true,"suppressDeprecationMessages":false,"presets":[],"plugins":[[[],{"polyfill":false}],[[],null],[[],null],[[],{"allowTopLevelThis":true,"strict":false,"loose":true}],[[],null],[[],null],[[],null],[[],null],[[],null],[[],null],[[],null],[[],null],[[],null],[[],null],[[],null],[[],null],[[],null],[[],{"loose":true}],[[],{"loose":true}],[[],null],[[],{"loose":true}],[[],null],[[],null],[[],null],[[],null],[[],null],[[],null],[[],{"loose":true}],[[],null],[[],null],[[],null],[[],null],[[],null],[[],null],[[],null]],"ignore":[],"code":true,"metadata":true,"ast":false,"comments":true,"compact":false,"minified":false,"sourceMap":true,"sourceMaps":true,"sourceMapTarget":"/imports/ui/body.js.map","sourceFileName":"/imports/ui/body.js","babelrc":false,"sourceType":"module","moduleIds":false,"passPerPreset":false,"parserOpts":false,"generatorOpts":false,"basename":"body"},"ignored":false,"code":"var Template = void 0;\nmodule.import('meteor/templating', {\n  \"Template\": function (v) {\n    Template = v;\n  }\n}, 0);\nvar Tasks = void 0;\nmodule.import('../api/tasks.js', {\n  \"Tasks\": function (v) {\n    Tasks = v;\n  }\n}, 1);\nmodule.import('./body.html');\nTemplate.body.helpers({\n  tasks: function () {\n    return Tasks.find({});\n  }\n});","ast":null,"map":{"version":3,"sources":["/imports/ui/body.js"],"names":["Template","module","import","v","Tasks","body","helpers","tasks","find"],"mappings":"AAAA,IAAIA,iBAAJ;AAAaC,OAAOC,MAAP,CAAc,mBAAd,EAAkC;AAAC,cAAW,UAASC,CAAT,EAAW;AAACH,eAASG,CAAT;AAAW;AAAnC,CAAlC,EAAuE,CAAvE;AAA0E,IAAIC,cAAJ;AAAUH,OAAOC,MAAP,CAAc,iBAAd,EAAgC;AAAC,WAAQ,UAASC,CAAT,EAAW;AAACC,YAAMD,CAAN;AAAQ;AAA7B,CAAhC,EAA+D,CAA/D;AAAkEF,OAAOC,MAAP,CAAc,aAAd;AAMnKF,SAASK,IAAT,CAAcC,OAAd,CAAsB;AACpBC,OADoB,cACZ;AACN,WAAOH,MAAMI,IAAN,CAAW,EAAX,CAAP;AACD;AAHmB,CAAtB","file":"/imports/ui/body.js.map","sourcesContent":["import { Template } from 'meteor/templating';\n \nimport { Tasks } from '../api/tasks.js';\n \nimport './body.html';\n \nTemplate.body.helpers({\n  tasks() {\n    return Tasks.find({});\n  },\n});\n"]},"hash":"efc61faa741e77413fdc6edc1b0f7e8e1ba6d634"}
