{"metadata":{"usedHelpers":[],"marked":[],"modules":{"imports":[],"exports":{"exported":[],"specifiers":[]}}},"options":{"filename":"/client/main.js","filenameRelative":"/client/main.js","env":{"development":{"plugins":[]}},"retainLines":false,"highlightCode":true,"suppressDeprecationMessages":false,"presets":[],"plugins":[[[],{"polyfill":false}],[[],null],[[],null],[[],{"allowTopLevelThis":true,"strict":false,"loose":true}],[[],null],[[],null],[[],null],[[],null],[[],null],[[],null],[[],null],[[],null],[[],null],[[],null],[[],null],[[],null],[[],null],[[],{"loose":true}],[[],{"loose":true}],[[],null],[[],{"loose":true}],[[],null],[[],null],[[],null],[[],null],[[],null],[[],null],[[],{"loose":true}],[[],null],[[],null],[[],null],[[],null],[[],null],[[],null],[[],null]],"ignore":[],"code":true,"metadata":true,"ast":false,"comments":true,"compact":false,"minified":false,"sourceMap":true,"sourceMaps":true,"sourceMapTarget":"/client/main.js.map","sourceFileName":"/client/main.js","babelrc":false,"sourceType":"module","moduleIds":false,"passPerPreset":false,"parserOpts":false,"generatorOpts":false,"basename":"main"},"ignored":false,"code":"module.import('../imports/api/tasks.js');","ast":null,"map":{"version":3,"sources":["/client/main.js"],"names":["module","import"],"mappings":"AAAAA,OAAOC,MAAP,CAAc,yBAAd","file":"/client/main.js.map","sourcesContent":["// import { Template } from 'meteor/templating';\n// import { ReactiveVar } from 'meteor/reactive-var';\n\n// import './main.html';\n\n// Template.hello.onCreated(function helloOnCreated() {\n//   // counter starts at 0\n//   this.counter = new ReactiveVar(0);\n// });\n\n// Template.hello.helpers({\n//   counter() {\n//     return Template.instance().counter.get();\n//   },\n// });\n\n// Template.hello.events({\n//   'click button'(event, instance) {\n//     // increment the counter when button is clicked\n//     instance.counter.set(instance.counter.get() + 1);\n//   },\n// });\n\nimport '../imports/api/tasks.js';"]},"hash":"f6ae3f3ea2c782805685ddda1b49817fa37c5dd7"}
